2021-09-01T17:42:05.198+09:00,박기훈,IdeState,Active,HelloWorld,Dialog,,,-1,-1,Default task
2021-09-01T17:42:06.208+09:00,박기훈,IdeState,Inactive,,,,,-1,-1,
2021-09-01T17:42:07.217+09:00,박기훈,IdeState,Inactive,,,,,-1,-1,
2021-09-01T17:42:08.224+09:00,박기훈,IdeState,Inactive,,,,,-1,-1,
2021-09-01T17:42:09.233+09:00,박기훈,IdeState,Inactive,,,,,-1,-1,
2021-09-01T17:42:10.243+09:00,박기훈,IdeState,Inactive,,,,,-1,-1,
2021-09-01T17:42:11.250+09:00,박기훈,IdeState,Inactive,,,,,-1,-1,
2021-09-01T17:42:12.254+09:00,박기훈,IdeState,Inactive,,,,,-1,-1,
2021-09-01T17:42:13.263+09:00,박기훈,IdeState,Inactive,,,,,-1,-1,
2021-09-01T17:42:14.271+09:00,박기훈,IdeState,Inactive,,,,,-1,-1,
2021-09-01T17:42:15.279+09:00,박기훈,IdeState,Inactive,,,,,-1,-1,
2021-09-01T17:42:16.288+09:00,박기훈,IdeState,Inactive,,,,,-1,-1,
2021-09-01T17:42:17.296+09:00,박기훈,IdeState,Inactive,,,,,-1,-1,
2021-09-01T17:42:18.305+09:00,박기훈,IdeState,Inactive,,,,,-1,-1,
2021-09-01T17:42:19.316+09:00,박기훈,IdeState,Inactive,,,,,-1,-1,
2021-09-01T17:42:20.326+09:00,박기훈,IdeState,Inactive,,,,,-1,-1,
2021-09-01T17:42:21.334+09:00,박기훈,IdeState,Inactive,,,,,-1,-1,
2021-09-01T17:42:22.340+09:00,박기훈,IdeState,Inactive,,,,,-1,-1,
2021-09-01T17:42:23.348+09:00,박기훈,IdeState,Inactive,,,,,-1,-1,
2021-09-01T17:42:24.359+09:00,박기훈,IdeState,Inactive,,,,,-1,-1,
2021-09-01T17:42:25.368+09:00,박기훈,IdeState,Inactive,,,,,-1,-1,
2021-09-01T17:42:26.378+09:00,박기훈,IdeState,Inactive,,,,,-1,-1,
2021-09-01T17:42:27.387+09:00,박기훈,IdeState,Inactive,,,,,-1,-1,
2021-09-01T17:42:28.395+09:00,박기훈,IdeState,Inactive,,,,,-1,-1,
2021-09-01T17:42:29.405+09:00,박기훈,IdeState,Inactive,,,,,-1,-1,
2021-09-01T17:42:30.414+09:00,박기훈,IdeState,Inactive,,,,,-1,-1,
2021-09-01T17:42:31.424+09:00,박기훈,IdeState,Inactive,,,,,-1,-1,
2021-09-01T17:42:32.431+09:00,박기훈,IdeState,Inactive,,,,,-1,-1,
2021-09-01T17:42:33.439+09:00,박기훈,IdeState,Inactive,,,,,-1,-1,
2021-09-01T17:42:34.446+09:00,박기훈,IdeState,Inactive,,,,,-1,-1,
2021-09-01T17:42:35.456+09:00,박기훈,IdeState,Inactive,,,,,-1,-1,
2021-09-01T17:42:36.461+09:00,박기훈,IdeState,Inactive,,,,,-1,-1,
2021-09-01T17:42:37.471+09:00,박기훈,IdeState,Inactive,,,,,-1,-1,
2021-09-01T17:42:38.482+09:00,박기훈,IdeState,Inactive,,,,,-1,-1,
2021-09-01T17:42:39.490+09:00,박기훈,IdeState,Inactive,,,,,-1,-1,
2021-09-01T17:42:40.497+09:00,박기훈,IdeState,Inactive,,,,,-1,-1,
2021-09-01T17:42:41.503+09:00,박기훈,IdeState,Active,HelloWorld,Popup,,,-1,-1,Default task
2021-09-01T17:42:42.509+09:00,박기훈,IdeState,Active,HelloWorld,Popup,,,-1,-1,Default task
2021-09-01T17:42:43.007+09:00,박기훈,IdeState,Active,HelloWorld,Popup,,,-1,-1,Default task
2021-09-01T17:42:44.015+09:00,박기훈,IdeState,Active,HelloWorld,Popup,,,-1,-1,Default task
2021-09-01T17:42:45.022+09:00,박기훈,IdeState,Active,HelloWorld,Popup,,,-1,-1,Default task
2021-09-01T17:42:45.766+09:00,박기훈,Action,Start/Stop Activity Tracking,,,,,-1,-1,
2021-09-01T18:02:46.014+09:00,박기훈,IdeState,Active,HelloWorld,Project,,,-1,-1,Default task
2021-09-01T18:02:47.043+09:00,박기훈,IdeState,Active,HelloWorld,Popup,,,-1,-1,Default task
2021-09-01T18:02:48.044+09:00,박기훈,IdeState,Active,HelloWorld,Popup,,,-1,-1,Default task
2021-09-01T18:02:48.067+09:00,박기훈,Action,NewClass,HelloWorld,Popup,,,-1,-1,Default task
2021-09-01T18:02:48.546+09:00,박기훈,KeyEvent,65535:16:1,HelloWorld,Popup,,,-1,-1,Default task
2021-09-01T18:02:48.715+09:00,박기훈,KeyEvent,74:74:1,HelloWorld,Popup,,,-1,-1,Default task
2021-09-01T18:02:49.053+09:00,박기훈,IdeState,Active,HelloWorld,Popup,,,-1,-1,Default task
2021-09-01T18:02:49.237+09:00,박기훈,Action,EditorBackSpace,HelloWorld,Popup,,,-1,-1,Default task
2021-09-01T18:02:49.241+09:00,박기훈,KeyEvent,8:8:0,HelloWorld,Popup,,,-1,-1,Default task
2021-09-01T18:02:49.285+09:00,박기훈,KeyEvent,65535:16:1,HelloWorld,Popup,,,-1,-1,Default task
2021-09-01T18:02:49.377+09:00,박기훈,KeyEvent,72:72:1,HelloWorld,Popup,,,-1,-1,Default task
2021-09-01T18:02:49.580+09:00,박기훈,KeyEvent,101:69:0,HelloWorld,Popup,,,-1,-1,Default task
2021-09-01T18:02:49.691+09:00,박기훈,KeyEvent,108:76:0,HelloWorld,Popup,,,-1,-1,Default task
2021-09-01T18:02:49.810+09:00,박기훈,KeyEvent,108:76:0,HelloWorld,Popup,,,-1,-1,Default task
2021-09-01T18:02:50.063+09:00,박기훈,IdeState,Active,HelloWorld,Popup,,,-1,-1,Default task
2021-09-01T18:02:50.245+09:00,박기훈,Action,EditorBackSpace,HelloWorld,Popup,,,-1,-1,Default task
2021-09-01T18:02:50.248+09:00,박기훈,KeyEvent,8:8:0,HelloWorld,Popup,,,-1,-1,Default task
2021-09-01T18:02:50.583+09:00,박기훈,KeyEvent,108:76:0,HelloWorld,Popup,,,-1,-1,Default task
2021-09-01T18:02:50.748+09:00,박기훈,KeyEvent,111:79:0,HelloWorld,Popup,,,-1,-1,Default task
2021-09-01T18:02:51.075+09:00,박기훈,IdeState,Active,HelloWorld,Popup,,,-1,-1,Default task
2021-09-01T18:02:51.097+09:00,박기훈,KeyEvent,65535:16:1,HelloWorld,Popup,,,-1,-1,Default task
2021-09-01T18:02:51.162+09:00,박기훈,KeyEvent,87:87:1,HelloWorld,Popup,,,-1,-1,Default task
2021-09-01T18:02:51.344+09:00,박기훈,KeyEvent,111:79:0,HelloWorld,Popup,,,-1,-1,Default task
2021-09-01T18:02:51.469+09:00,박기훈,KeyEvent,114:82:0,HelloWorld,Popup,,,-1,-1,Default task
2021-09-01T18:02:52.052+09:00,박기훈,KeyEvent,108:76:0,HelloWorld,Popup,,,-1,-1,Default task
2021-09-01T18:02:52.085+09:00,박기훈,IdeState,Active,HelloWorld,Popup,,,-1,-1,Default task
2021-09-01T18:02:52.158+09:00,박기훈,KeyEvent,100:68:0,HelloWorld,Popup,,,-1,-1,Default task
2021-09-01T18:02:52.476+09:00,박기훈,KeyEvent,10:10:0,,,,,-1,-1,
2021-09-01T18:02:53.094+09:00,박기훈,IdeState,Active,HelloWorld,Editor,C:/Users/박기훈/IdeaProjects/HelloWorld/src/HelloWorld.java,,0,24,Default task
2021-09-01T18:02:53.147+09:00,박기훈,KeyEvent,65535:18:8,HelloWorld,Editor,C:/Users/박기훈/IdeaProjects/HelloWorld/src/HelloWorld.java,,0,24,Default task
2021-09-01T18:02:54.102+09:00,박기훈,IdeState,Inactive,,,,,-1,-1,
2021-09-01T18:02:55.113+09:00,박기훈,IdeState,Inactive,,,,,-1,-1,
2021-09-01T18:02:56.123+09:00,박기훈,IdeState,Inactive,,,,,-1,-1,
2021-09-01T18:02:57.127+09:00,박기훈,IdeState,Active,HelloWorld,Editor,C:/Users/박기훈/IdeaProjects/HelloWorld/src/HelloWorld.java,,0,24,Default task
2021-09-01T18:02:58.136+09:00,박기훈,IdeState,Inactive,,,,,-1,-1,
2021-09-01T18:02:59.144+09:00,박기훈,IdeState,Active,HelloWorld,Editor,C:/Users/박기훈/IdeaProjects/HelloWorld/src/HelloWorld.java,,0,24,Default task
2021-09-01T18:03:00.150+09:00,박기훈,IdeState,Active,HelloWorld,Editor,C:/Users/박기훈/IdeaProjects/HelloWorld/src/HelloWorld.java,,0,25,Default task
2021-09-01T18:03:00.672+09:00,박기훈,Action,EditorEnter,HelloWorld,Editor,C:/Users/박기훈/IdeaProjects/HelloWorld/src/HelloWorld.java,,0,25,Default task
2021-09-01T18:03:00.733+09:00,박기훈,KeyEvent,10:10:0,HelloWorld,Editor,C:/Users/박기훈/IdeaProjects/HelloWorld/src/HelloWorld.java,,1,4,Default task
2021-09-01T18:03:01.155+09:00,박기훈,IdeState,Active,HelloWorld,Editor,C:/Users/박기훈/IdeaProjects/HelloWorld/src/HelloWorld.java,,1,4,Default task
2021-09-01T18:03:02.160+09:00,박기훈,IdeState,Active,HelloWorld,Editor,C:/Users/박기훈/IdeaProjects/HelloWorld/src/HelloWorld.java,,1,4,Default task
2021-09-01T18:03:02.544+09:00,박기훈,KeyEvent,112:80:0,HelloWorld,Editor,C:/Users/박기훈/IdeaProjects/HelloWorld/src/HelloWorld.java,,1,4,Default task
2021-09-01T18:03:02.781+09:00,박기훈,KeyEvent,117:85:0,HelloWorld,Editor,C:/Users/박기훈/IdeaProjects/HelloWorld/src/HelloWorld.java,,1,5,Default task
2021-09-01T18:03:03.165+09:00,박기훈,IdeState,Active,HelloWorld,Editor,C:/Users/박기훈/IdeaProjects/HelloWorld/src/HelloWorld.java,,1,6,Default task
2021-09-01T18:03:03.343+09:00,박기훈,KeyEvent,98:66:0,HelloWorld,Editor,C:/Users/박기훈/IdeaProjects/HelloWorld/src/HelloWorld.java,,1,6,Default task
2021-09-01T18:03:03.476+09:00,박기훈,KeyEvent,108:76:0,HelloWorld,Editor,C:/Users/박기훈/IdeaProjects/HelloWorld/src/HelloWorld.java,,1,7,Default task
2021-09-01T18:03:03.679+09:00,박기훈,KeyEvent,105:73:0,HelloWorld,Editor,C:/Users/박기훈/IdeaProjects/HelloWorld/src/HelloWorld.java,,1,8,Default task
2021-09-01T18:03:03.782+09:00,박기훈,KeyEvent,99:67:0,HelloWorld,Editor,C:/Users/박기훈/IdeaProjects/HelloWorld/src/HelloWorld.java,,1,9,Default task
2021-09-01T18:03:03.892+09:00,박기훈,KeyEvent,32:32:0,HelloWorld,Editor,C:/Users/박기훈/IdeaProjects/HelloWorld/src/HelloWorld.java,,1,10,Default task
2021-09-01T18:03:04.173+09:00,박기훈,IdeState,Active,HelloWorld,Editor,C:/Users/박기훈/IdeaProjects/HelloWorld/src/HelloWorld.java,,1,11,Default task
2021-09-01T18:03:04.263+09:00,박기훈,KeyEvent,115:83:0,HelloWorld,Editor,C:/Users/박기훈/IdeaProjects/HelloWorld/src/HelloWorld.java,,1,11,Default task
2021-09-01T18:03:04.412+09:00,박기훈,KeyEvent,116:84:0,HelloWorld,Editor,C:/Users/박기훈/IdeaProjects/HelloWorld/src/HelloWorld.java,,1,12,Default task
2021-09-01T18:03:04.814+09:00,박기훈,KeyEvent,97:65:0,HelloWorld,Editor,C:/Users/박기훈/IdeaProjects/HelloWorld/src/HelloWorld.java,,1,13,Default task
2021-09-01T18:03:05.075+09:00,박기훈,Action,EditorChooseLookupItem,HelloWorld,Editor,C:/Users/박기훈/IdeaProjects/HelloWorld/src/HelloWorld.java,,1,14,Default task
2021-09-01T18:03:05.097+09:00,박기훈,KeyEvent,10:10:0,HelloWorld,Editor,C:/Users/박기훈/IdeaProjects/HelloWorld/src/HelloWorld.java,,1,18,Default task
2021-09-01T18:03:05.179+09:00,박기훈,IdeState,Active,HelloWorld,Editor,C:/Users/박기훈/IdeaProjects/HelloWorld/src/HelloWorld.java,,1,18,Default task
2021-09-01T18:03:06.190+09:00,박기훈,IdeState,Active,HelloWorld,Editor,C:/Users/박기훈/IdeaProjects/HelloWorld/src/HelloWorld.java,,1,18,Default task
2021-09-01T18:03:06.388+09:00,박기훈,KeyEvent,118:86:0,HelloWorld,Editor,C:/Users/박기훈/IdeaProjects/HelloWorld/src/HelloWorld.java,,1,18,Default task
2021-09-01T18:03:06.457+09:00,박기훈,KeyEvent,111:79:0,HelloWorld,Editor,C:/Users/박기훈/IdeaProjects/HelloWorld/src/HelloWorld.java,,1,19,Default task
2021-09-01T18:03:06.615+09:00,박기훈,KeyEvent,105:73:0,HelloWorld,Editor,C:/Users/박기훈/IdeaProjects/HelloWorld/src/HelloWorld.java,,1,20,Default task
2021-09-01T18:03:06.748+09:00,박기훈,KeyEvent,100:68:0,HelloWorld,Editor,C:/Users/박기훈/IdeaProjects/HelloWorld/src/HelloWorld.java,,1,21,Default task
2021-09-01T18:03:06.852+09:00,박기훈,KeyEvent,32:32:0,HelloWorld,Editor,C:/Users/박기훈/IdeaProjects/HelloWorld/src/HelloWorld.java,,1,22,Default task
2021-09-01T18:03:07.114+09:00,박기훈,KeyEvent,109:77:0,HelloWorld,Editor,C:/Users/박기훈/IdeaProjects/HelloWorld/src/HelloWorld.java,,1,23,Default task
2021-09-01T18:03:07.197+09:00,박기훈,IdeState,Active,HelloWorld,Editor,C:/Users/박기훈/IdeaProjects/HelloWorld/src/HelloWorld.java,,1,24,Default task
2021-09-01T18:03:07.244+09:00,박기훈,KeyEvent,97:65:0,HelloWorld,Editor,C:/Users/박기훈/IdeaProjects/HelloWorld/src/HelloWorld.java,,1,24,Default task
2021-09-01T18:03:07.344+09:00,박기훈,KeyEvent,105:73:0,HelloWorld,Editor,C:/Users/박기훈/IdeaProjects/HelloWorld/src/HelloWorld.java,,1,25,Default task
2021-09-01T18:03:07.441+09:00,박기훈,KeyEvent,110:78:0,HelloWorld,Editor,C:/Users/박기훈/IdeaProjects/HelloWorld/src/HelloWorld.java,,1,26,Default task
2021-09-01T18:03:07.929+09:00,박기훈,KeyEvent,65535:16:1,HelloWorld,Editor,C:/Users/박기훈/IdeaProjects/HelloWorld/src/HelloWorld.java,,1,27,Default task
2021-09-01T18:03:08.020+09:00,박기훈,KeyEvent,40:57:1,HelloWorld,Editor,C:/Users/박기훈/IdeaProjects/HelloWorld/src/HelloWorld.java,,1,27,Default task
2021-09-01T18:03:08.201+09:00,박기훈,IdeState,Active,HelloWorld,Editor,C:/Users/박기훈/IdeaProjects/HelloWorld/src/HelloWorld.java,HelloWorld::main,1,28,Default task
2021-09-01T18:03:08.542+09:00,박기훈,KeyEvent,83:83:1,HelloWorld,Editor,C:/Users/박기훈/IdeaProjects/HelloWorld/src/HelloWorld.java,HelloWorld::main,1,28,Default task
2021-09-01T18:03:08.748+09:00,박기훈,KeyEvent,116:84:0,HelloWorld,Editor,C:/Users/박기훈/IdeaProjects/HelloWorld/src/HelloWorld.java,HelloWorld::main,1,29,Default task
2021-09-01T18:03:08.891+09:00,박기훈,KeyEvent,114:82:0,HelloWorld,Editor,C:/Users/박기훈/IdeaProjects/HelloWorld/src/HelloWorld.java,HelloWorld::main,1,30,Default task
2021-09-01T18:03:08.975+09:00,박기훈,KeyEvent,105:73:0,HelloWorld,Editor,C:/Users/박기훈/IdeaProjects/HelloWorld/src/HelloWorld.java,HelloWorld::main,1,31,Default task
2021-09-01T18:03:09.207+09:00,박기훈,IdeState,Active,HelloWorld,Editor,C:/Users/박기훈/IdeaProjects/HelloWorld/src/HelloWorld.java,HelloWorld::main,1,32,Default task
2021-09-01T18:03:09.364+09:00,박기훈,KeyEvent,110:78:0,HelloWorld,Editor,C:/Users/박기훈/IdeaProjects/HelloWorld/src/HelloWorld.java,HelloWorld::main,1,32,Default task
2021-09-01T18:03:09.481+09:00,박기훈,KeyEvent,103:71:0,HelloWorld,Editor,C:/Users/박기훈/IdeaProjects/HelloWorld/src/HelloWorld.java,HelloWorld::main,1,33,Default task
2021-09-01T18:03:09.580+09:00,박기훈,KeyEvent,32:32:0,HelloWorld,Editor,C:/Users/박기훈/IdeaProjects/HelloWorld/src/HelloWorld.java,HelloWorld::main,1,34,Default task
2021-09-01T18:03:10.213+09:00,박기훈,IdeState,Active,HelloWorld,Editor,C:/Users/박기훈/IdeaProjects/HelloWorld/src/HelloWorld.java,HelloWorld::main,1,35,Default task
2021-09-01T18:03:10.447+09:00,박기훈,Action,EditorBackSpace,HelloWorld,Editor,C:/Users/박기훈/IdeaProjects/HelloWorld/src/HelloWorld.java,HelloWorld::main,1,35,Default task
2021-09-01T18:03:10.459+09:00,박기훈,KeyEvent,8:8:0,HelloWorld,Editor,C:/Users/박기훈/IdeaProjects/HelloWorld/src/HelloWorld.java,HelloWorld::main,1,34,Default task
2021-09-01T18:03:10.604+09:00,박기훈,KeyEvent,65535:16:1,HelloWorld,Editor,C:/Users/박기훈/IdeaProjects/HelloWorld/src/HelloWorld.java,HelloWorld::main,1,34,Default task
2021-09-01T18:03:10.757+09:00,박기훈,KeyEvent,123:91:1,HelloWorld,Editor,C:/Users/박기훈/IdeaProjects/HelloWorld/src/HelloWorld.java,HelloWorld::main,1,34,Default task
2021-09-01T18:03:10.891+09:00,박기훈,KeyEvent,125:93:1,HelloWorld,Editor,C:/Users/박기훈/IdeaProjects/HelloWorld/src/HelloWorld.java,HelloWorld::main,1,35,Default task
2021-09-01T18:03:11.173+09:00,박기훈,Action,EditorBackSpace,HelloWorld,Editor,C:/Users/박기훈/IdeaProjects/HelloWorld/src/HelloWorld.java,,1,36,Default task
2021-09-01T18:03:11.175+09:00,박기훈,KeyEvent,8:8:0,HelloWorld,Editor,C:/Users/박기훈/IdeaProjects/HelloWorld/src/HelloWorld.java,HelloWorld::main,1,35,Default task
2021-09-01T18:03:11.223+09:00,박기훈,IdeState,Active,HelloWorld,Editor,C:/Users/박기훈/IdeaProjects/HelloWorld/src/HelloWorld.java,HelloWorld::main,1,35,Default task
2021-09-01T18:03:11.331+09:00,박기훈,Action,EditorBackSpace,HelloWorld,Editor,C:/Users/박기훈/IdeaProjects/HelloWorld/src/HelloWorld.java,HelloWorld::main,1,35,Default task
2021-09-01T18:03:11.336+09:00,박기훈,KeyEvent,8:8:0,HelloWorld,Editor,C:/Users/박기훈/IdeaProjects/HelloWorld/src/HelloWorld.java,HelloWorld::main,1,34,Default task
2021-09-01T18:03:11.375+09:00,박기훈,KeyEvent,91:91:0,HelloWorld,Editor,C:/Users/박기훈/IdeaProjects/HelloWorld/src/HelloWorld.java,HelloWorld::main,1,34,Default task
2021-09-01T18:03:11.463+09:00,박기훈,KeyEvent,93:93:0,HelloWorld,Editor,C:/Users/박기훈/IdeaProjects/HelloWorld/src/HelloWorld.java,HelloWorld::main,1,35,Default task
2021-09-01T18:03:11.627+09:00,박기훈,KeyEvent,32:32:0,HelloWorld,Editor,C:/Users/박기훈/IdeaProjects/HelloWorld/src/HelloWorld.java,HelloWorld::main,1,36,Default task
2021-09-01T18:03:11.901+09:00,박기훈,KeyEvent,97:65:0,HelloWorld,Editor,C:/Users/박기훈/IdeaProjects/HelloWorld/src/HelloWorld.java,HelloWorld::main,1,37,Default task
2021-09-01T18:03:11.964+09:00,박기훈,KeyEvent,114:82:0,HelloWorld,Editor,C:/Users/박기훈/IdeaProjects/HelloWorld/src/HelloWorld.java,HelloWorld::main,1,38,Default task
2021-09-01T18:03:12.132+09:00,박기훈,KeyEvent,103:71:0,HelloWorld,Editor,C:/Users/박기훈/IdeaProjects/HelloWorld/src/HelloWorld.java,HelloWorld::main,1,39,Default task
2021-09-01T18:03:12.230+09:00,박기훈,IdeState,Active,HelloWorld,Editor,C:/Users/박기훈/IdeaProjects/HelloWorld/src/HelloWorld.java,HelloWorld::main,1,40,Default task
2021-09-01T18:03:12.241+09:00,박기훈,KeyEvent,115:83:0,HelloWorld,Editor,C:/Users/박기훈/IdeaProjects/HelloWorld/src/HelloWorld.java,HelloWorld::main,1,40,Default task
2021-09-01T18:03:12.453+09:00,박기훈,Action,EditorRight,HelloWorld,Editor,C:/Users/박기훈/IdeaProjects/HelloWorld/src/HelloWorld.java,HelloWorld::main,1,41,Default task
2021-09-01T18:03:12.456+09:00,박기훈,KeyEvent,65535:39:0,HelloWorld,Editor,C:/Users/박기훈/IdeaProjects/HelloWorld/src/HelloWorld.java,,1,42,Default task
2021-09-01T18:03:12.997+09:00,박기훈,KeyEvent,65535:16:1,HelloWorld,Editor,C:/Users/박기훈/IdeaProjects/HelloWorld/src/HelloWorld.java,,1,42,Default task
2021-09-01T18:03:13.236+09:00,박기훈,IdeState,Active,HelloWorld,Editor,C:/Users/박기훈/IdeaProjects/HelloWorld/src/HelloWorld.java,,1,42,Default task
2021-09-01T18:03:13.261+09:00,박기훈,KeyEvent,65535:16:1,HelloWorld,Editor,C:/Users/박기훈/IdeaProjects/HelloWorld/src/HelloWorld.java,,1,42,Default task
2021-09-01T18:03:13.282+09:00,박기훈,KeyEvent,65535:16:1,HelloWorld,Editor,C:/Users/박기훈/IdeaProjects/HelloWorld/src/HelloWorld.java,,1,42,Default task
2021-09-01T18:03:13.285+09:00,박기훈,KeyEvent,123:91:1,HelloWorld,Editor,C:/Users/박기훈/IdeaProjects/HelloWorld/src/HelloWorld.java,,1,42,Default task
2021-09-01T18:03:13.580+09:00,박기훈,Action,EditorEnter,HelloWorld,Editor,C:/Users/박기훈/IdeaProjects/HelloWorld/src/HelloWorld.java,HelloWorld::main,1,43,Default task
2021-09-01T18:03:13.592+09:00,박기훈,KeyEvent,10:10:0,HelloWorld,Editor,C:/Users/박기훈/IdeaProjects/HelloWorld/src/HelloWorld.java,,2,8,Default task
2021-09-01T18:03:13.910+09:00,박기훈,KeyEvent,65535:16:1,HelloWorld,Editor,C:/Users/박기훈/IdeaProjects/HelloWorld/src/HelloWorld.java,HelloWorld::main,2,8,Default task
2021-09-01T18:03:13.995+09:00,박기훈,KeyEvent,83:83:1,HelloWorld,Editor,C:/Users/박기훈/IdeaProjects/HelloWorld/src/HelloWorld.java,HelloWorld::main,2,8,Default task
2021-09-01T18:03:14.181+09:00,박기훈,KeyEvent,121:89:0,HelloWorld,Editor,C:/Users/박기훈/IdeaProjects/HelloWorld/src/HelloWorld.java,HelloWorld::main,2,9,Default task
2021-09-01T18:03:14.245+09:00,박기훈,IdeState,Active,HelloWorld,Editor,C:/Users/박기훈/IdeaProjects/HelloWorld/src/HelloWorld.java,HelloWorld::main,2,10,Default task
2021-09-01T18:03:14.839+09:00,박기훈,Action,EditorChooseLookupItem,HelloWorld,Editor,C:/Users/박기훈/IdeaProjects/HelloWorld/src/HelloWorld.java,HelloWorld::main,2,10,Default task
2021-09-01T18:03:14.858+09:00,박기훈,KeyEvent,10:10:0,HelloWorld,Editor,C:/Users/박기훈/IdeaProjects/HelloWorld/src/HelloWorld.java,HelloWorld::main,2,14,Default task
2021-09-01T18:03:15.128+09:00,박기훈,KeyEvent,46:46:0,HelloWorld,Editor,C:/Users/박기훈/IdeaProjects/HelloWorld/src/HelloWorld.java,HelloWorld::main,2,14,Default task
2021-09-01T18:03:15.258+09:00,박기훈,IdeState,Active,HelloWorld,Editor,C:/Users/박기훈/IdeaProjects/HelloWorld/src/HelloWorld.java,HelloWorld::main,2,15,Default task
2021-09-01T18:03:16.215+09:00,박기훈,KeyEvent,111:79:0,HelloWorld,Editor,C:/Users/박기훈/IdeaProjects/HelloWorld/src/HelloWorld.java,HelloWorld::main,2,15,Default task
2021-09-01T18:03:16.259+09:00,박기훈,IdeState,Active,HelloWorld,Editor,C:/Users/박기훈/IdeaProjects/HelloWorld/src/HelloWorld.java,HelloWorld::main,2,16,Default task
2021-09-01T18:03:16.321+09:00,박기훈,KeyEvent,117:85:0,HelloWorld,Editor,C:/Users/박기훈/IdeaProjects/HelloWorld/src/HelloWorld.java,HelloWorld::main,2,16,Default task
2021-09-01T18:03:16.499+09:00,박기훈,KeyEvent,116:84:0,HelloWorld,Editor,C:/Users/박기훈/IdeaProjects/HelloWorld/src/HelloWorld.java,HelloWorld::main,2,17,Default task
2021-09-01T18:03:16.741+09:00,박기훈,KeyEvent,46:46:0,HelloWorld,Editor,C:/Users/박기훈/IdeaProjects/HelloWorld/src/HelloWorld.java,HelloWorld::main,2,18,Default task
2021-09-01T18:03:16.996+09:00,박기훈,KeyEvent,112:80:0,HelloWorld,Editor,C:/Users/박기훈/IdeaProjects/HelloWorld/src/HelloWorld.java,HelloWorld::main,2,19,Default task
2021-09-01T18:03:17.199+09:00,박기훈,KeyEvent,105:73:0,HelloWorld,Editor,C:/Users/박기훈/IdeaProjects/HelloWorld/src/HelloWorld.java,HelloWorld::main,2,20,Default task
2021-09-01T18:03:17.266+09:00,박기훈,IdeState,Active,HelloWorld,Editor,C:/Users/박기훈/IdeaProjects/HelloWorld/src/HelloWorld.java,HelloWorld::main,2,21,Default task
2021-09-01T18:03:17.429+09:00,박기훈,Action,EditorBackSpace,HelloWorld,Editor,C:/Users/박기훈/IdeaProjects/HelloWorld/src/HelloWorld.java,HelloWorld::main,2,21,Default task
2021-09-01T18:03:17.431+09:00,박기훈,KeyEvent,8:8:0,HelloWorld,Editor,C:/Users/박기훈/IdeaProjects/HelloWorld/src/HelloWorld.java,HelloWorld::main,2,20,Default task
2021-09-01T18:03:17.494+09:00,박기훈,KeyEvent,114:82:0,HelloWorld,Editor,C:/Users/박기훈/IdeaProjects/HelloWorld/src/HelloWorld.java,HelloWorld::main,2,20,Default task
2021-09-01T18:03:17.591+09:00,박기훈,KeyEvent,105:73:0,HelloWorld,Editor,C:/Users/박기훈/IdeaProjects/HelloWorld/src/HelloWorld.java,HelloWorld::main,2,21,Default task
2021-09-01T18:03:17.777+09:00,박기훈,KeyEvent,110:78:0,HelloWorld,Editor,C:/Users/박기훈/IdeaProjects/HelloWorld/src/HelloWorld.java,HelloWorld::main,2,22,Default task
2021-09-01T18:03:17.995+09:00,박기훈,Action,EditorChooseLookupItem,HelloWorld,Editor,C:/Users/박기훈/IdeaProjects/HelloWorld/src/HelloWorld.java,HelloWorld::main,2,23,Default task
2021-09-01T18:03:18.022+09:00,박기훈,KeyEvent,10:10:0,HelloWorld,Editor,C:/Users/박기훈/IdeaProjects/HelloWorld/src/HelloWorld.java,HelloWorld::main,2,27,Default task
2021-09-01T18:03:18.274+09:00,박기훈,IdeState,Active,HelloWorld,Editor,C:/Users/박기훈/IdeaProjects/HelloWorld/src/HelloWorld.java,HelloWorld::main,2,27,Default task
2021-09-01T18:03:19.280+09:00,박기훈,IdeState,Active,HelloWorld,Editor,C:/Users/박기훈/IdeaProjects/HelloWorld/src/HelloWorld.java,HelloWorld::main,2,27,Default task
2021-09-01T18:03:20.290+09:00,박기훈,IdeState,Active,HelloWorld,Editor,C:/Users/박기훈/IdeaProjects/HelloWorld/src/HelloWorld.java,HelloWorld::main,2,27,Default task
2021-09-01T18:03:21.302+09:00,박기훈,IdeState,Active,HelloWorld,Editor,C:/Users/박기훈/IdeaProjects/HelloWorld/src/HelloWorld.java,HelloWorld::main,2,27,Default task
2021-09-01T18:03:22.310+09:00,박기훈,IdeState,Active,HelloWorld,Editor,C:/Users/박기훈/IdeaProjects/HelloWorld/src/HelloWorld.java,HelloWorld::main,2,27,Default task
2021-09-01T18:03:23.316+09:00,박기훈,IdeState,Active,HelloWorld,Editor,C:/Users/박기훈/IdeaProjects/HelloWorld/src/HelloWorld.java,HelloWorld::main,2,27,Default task
2021-09-01T18:03:24.327+09:00,박기훈,IdeState,Active,HelloWorld,Editor,C:/Users/박기훈/IdeaProjects/HelloWorld/src/HelloWorld.java,HelloWorld::main,2,27,Default task
2021-09-01T18:03:25.340+09:00,박기훈,IdeState,Active,HelloWorld,Editor,C:/Users/박기훈/IdeaProjects/HelloWorld/src/HelloWorld.java,HelloWorld::main,2,27,Default task
2021-09-01T18:03:26.348+09:00,박기훈,IdeState,Active,HelloWorld,Editor,C:/Users/박기훈/IdeaProjects/HelloWorld/src/HelloWorld.java,HelloWorld::main,2,27,Default task
2021-09-01T18:03:26.844+09:00,박기훈,KeyEvent,65535:16:1,HelloWorld,Editor,C:/Users/박기훈/IdeaProjects/HelloWorld/src/HelloWorld.java,HelloWorld::main,2,27,Default task
2021-09-01T18:03:27.359+09:00,박기훈,IdeState,Active,HelloWorld,Editor,C:/Users/박기훈/IdeaProjects/HelloWorld/src/HelloWorld.java,HelloWorld::main,2,27,Default task
2021-09-01T18:03:27.918+09:00,박기훈,KeyEvent,72:72:1,HelloWorld,Editor,C:/Users/박기훈/IdeaProjects/HelloWorld/src/HelloWorld.java,HelloWorld::main,2,27,Default task
2021-09-01T18:03:28.220+09:00,박기훈,Action,EditorBackSpace,HelloWorld,Editor,C:/Users/박기훈/IdeaProjects/HelloWorld/src/HelloWorld.java,HelloWorld::main,2,28,Default task
2021-09-01T18:03:28.225+09:00,박기훈,KeyEvent,8:8:1,HelloWorld,Editor,C:/Users/박기훈/IdeaProjects/HelloWorld/src/HelloWorld.java,HelloWorld::main,2,27,Default task
2021-09-01T18:03:28.363+09:00,박기훈,IdeState,Active,HelloWorld,Editor,C:/Users/박기훈/IdeaProjects/HelloWorld/src/HelloWorld.java,HelloWorld::main,2,27,Default task
2021-09-01T18:03:28.447+09:00,박기훈,KeyEvent,58:59:1,HelloWorld,Editor,C:/Users/박기훈/IdeaProjects/HelloWorld/src/HelloWorld.java,HelloWorld::main,2,27,Default task
2021-09-01T18:03:28.802+09:00,박기훈,Action,EditorBackSpace,HelloWorld,Editor,C:/Users/박기훈/IdeaProjects/HelloWorld/src/HelloWorld.java,HelloWorld::main,2,28,Default task
2021-09-01T18:03:28.804+09:00,박기훈,KeyEvent,8:8:1,HelloWorld,Editor,C:/Users/박기훈/IdeaProjects/HelloWorld/src/HelloWorld.java,HelloWorld::main,2,27,Default task
2021-09-01T18:03:28.916+09:00,박기훈,KeyEvent,34:222:1,HelloWorld,Editor,C:/Users/박기훈/IdeaProjects/HelloWorld/src/HelloWorld.java,HelloWorld::main,2,27,Default task
2021-09-01T18:03:29.256+09:00,박기훈,KeyEvent,72:72:1,HelloWorld,Editor,C:/Users/박기훈/IdeaProjects/HelloWorld/src/HelloWorld.java,HelloWorld::main,2,28,Default task
2021-09-01T18:03:29.368+09:00,박기훈,IdeState,Active,HelloWorld,Editor,C:/Users/박기훈/IdeaProjects/HelloWorld/src/HelloWorld.java,HelloWorld::main,2,29,Default task
2021-09-01T18:03:29.715+09:00,박기훈,KeyEvent,101:69:0,HelloWorld,Editor,C:/Users/박기훈/IdeaProjects/HelloWorld/src/HelloWorld.java,HelloWorld::main,2,29,Default task
2021-09-01T18:03:30.373+09:00,박기훈,IdeState,Active,HelloWorld,Editor,C:/Users/박기훈/IdeaProjects/HelloWorld/src/HelloWorld.java,HelloWorld::main,2,30,Default task
2021-09-01T18:03:30.401+09:00,박기훈,KeyEvent,108:76:0,HelloWorld,Editor,C:/Users/박기훈/IdeaProjects/HelloWorld/src/HelloWorld.java,HelloWorld::main,2,30,Default task
2021-09-01T18:03:30.532+09:00,박기훈,KeyEvent,108:76:0,HelloWorld,Editor,C:/Users/박기훈/IdeaProjects/HelloWorld/src/HelloWorld.java,HelloWorld::main,2,31,Default task
2021-09-01T18:03:30.801+09:00,박기훈,KeyEvent,111:79:0,HelloWorld,Editor,C:/Users/박기훈/IdeaProjects/HelloWorld/src/HelloWorld.java,HelloWorld::main,2,32,Default task
2021-09-01T18:03:31.352+09:00,박기훈,KeyEvent,44:44:0,HelloWorld,Editor,C:/Users/박기훈/IdeaProjects/HelloWorld/src/HelloWorld.java,HelloWorld::main,2,33,Default task
2021-09-01T18:03:31.381+09:00,박기훈,IdeState,Active,HelloWorld,Editor,C:/Users/박기훈/IdeaProjects/HelloWorld/src/HelloWorld.java,HelloWorld::main,2,34,Default task
2021-09-01T18:03:31.687+09:00,박기훈,KeyEvent,32:32:0,HelloWorld,Editor,C:/Users/박기훈/IdeaProjects/HelloWorld/src/HelloWorld.java,HelloWorld::main,2,34,Default task
2021-09-01T18:03:31.846+09:00,박기훈,KeyEvent,65535:16:1,HelloWorld,Editor,C:/Users/박기훈/IdeaProjects/HelloWorld/src/HelloWorld.java,HelloWorld::main,2,35,Default task
2021-09-01T18:03:31.937+09:00,박기훈,KeyEvent,87:87:1,HelloWorld,Editor,C:/Users/박기훈/IdeaProjects/HelloWorld/src/HelloWorld.java,HelloWorld::main,2,35,Default task
2021-09-01T18:03:32.350+09:00,박기훈,KeyEvent,111:79:0,HelloWorld,Editor,C:/Users/박기훈/IdeaProjects/HelloWorld/src/HelloWorld.java,HelloWorld::main,2,36,Default task
2021-09-01T18:03:32.388+09:00,박기훈,IdeState,Active,HelloWorld,Editor,C:/Users/박기훈/IdeaProjects/HelloWorld/src/HelloWorld.java,HelloWorld::main,2,37,Default task
2021-09-01T18:03:32.498+09:00,박기훈,KeyEvent,114:82:0,HelloWorld,Editor,C:/Users/박기훈/IdeaProjects/HelloWorld/src/HelloWorld.java,HelloWorld::main,2,37,Default task
2021-09-01T18:03:32.637+09:00,박기훈,KeyEvent,108:76:0,HelloWorld,Editor,C:/Users/박기훈/IdeaProjects/HelloWorld/src/HelloWorld.java,HelloWorld::main,2,38,Default task
2021-09-01T18:03:33.058+09:00,박기훈,KeyEvent,100:68:0,HelloWorld,Editor,C:/Users/박기훈/IdeaProjects/HelloWorld/src/HelloWorld.java,HelloWorld::main,2,39,Default task
2021-09-01T18:03:33.396+09:00,박기훈,IdeState,Active,HelloWorld,Editor,C:/Users/박기훈/IdeaProjects/HelloWorld/src/HelloWorld.java,HelloWorld::main,2,40,Default task
2021-09-01T18:03:34.405+09:00,박기훈,IdeState,Active,HelloWorld,Editor,C:/Users/박기훈/IdeaProjects/HelloWorld/src/HelloWorld.java,HelloWorld::main,2,40,Default task
2021-09-01T18:03:35.418+09:00,박기훈,IdeState,Active,HelloWorld,Editor,C:/Users/박기훈/IdeaProjects/HelloWorld/src/HelloWorld.java,HelloWorld::main,2,40,Default task
2021-09-01T18:03:35.577+09:00,박기훈,KeyEvent,32:32:0,HelloWorld,Editor,C:/Users/박기훈/IdeaProjects/HelloWorld/src/HelloWorld.java,HelloWorld::main,2,40,Default task
2021-09-01T18:03:35.700+09:00,박기훈,KeyEvent,91:91:0,HelloWorld,Editor,C:/Users/박기훈/IdeaProjects/HelloWorld/src/HelloWorld.java,HelloWorld::main,2,41,Default task
2021-09-01T18:03:36.348+09:00,박기훈,KeyEvent,50:50:0,HelloWorld,Editor,C:/Users/박기훈/IdeaProjects/HelloWorld/src/HelloWorld.java,HelloWorld::main,2,42,Default task
2021-09-01T18:03:36.428+09:00,박기훈,IdeState,Active,HelloWorld,Editor,C:/Users/박기훈/IdeaProjects/HelloWorld/src/HelloWorld.java,HelloWorld::main,2,43,Default task
2021-09-01T18:03:36.447+09:00,박기훈,KeyEvent,48:48:0,HelloWorld,Editor,C:/Users/박기훈/IdeaProjects/HelloWorld/src/HelloWorld.java,HelloWorld::main,2,43,Default task
2021-09-01T18:03:36.578+09:00,박기훈,KeyEvent,49:49:0,HelloWorld,Editor,C:/Users/박기훈/IdeaProjects/HelloWorld/src/HelloWorld.java,HelloWorld::main,2,44,Default task
2021-09-01T18:03:37.004+09:00,박기훈,KeyEvent,55:55:0,HelloWorld,Editor,C:/Users/박기훈/IdeaProjects/HelloWorld/src/HelloWorld.java,HelloWorld::main,2,45,Default task
2021-09-01T18:03:37.364+09:00,박기훈,KeyEvent,50:50:0,HelloWorld,Editor,C:/Users/박기훈/IdeaProjects/HelloWorld/src/HelloWorld.java,HelloWorld::main,2,46,Default task
2021-09-01T18:03:37.437+09:00,박기훈,IdeState,Active,HelloWorld,Editor,C:/Users/박기훈/IdeaProjects/HelloWorld/src/HelloWorld.java,HelloWorld::main,2,47,Default task
2021-09-01T18:03:37.660+09:00,박기훈,KeyEvent,52:52:0,HelloWorld,Editor,C:/Users/박기훈/IdeaProjects/HelloWorld/src/HelloWorld.java,HelloWorld::main,2,47,Default task
2021-09-01T18:03:37.779+09:00,박기훈,KeyEvent,52:52:0,HelloWorld,Editor,C:/Users/박기훈/IdeaProjects/HelloWorld/src/HelloWorld.java,HelloWorld::main,2,48,Default task
2021-09-01T18:03:38.118+09:00,박기훈,KeyEvent,54:54:0,HelloWorld,Editor,C:/Users/박기훈/IdeaProjects/HelloWorld/src/HelloWorld.java,HelloWorld::main,2,49,Default task
2021-09-01T18:03:38.276+09:00,박기훈,KeyEvent,53:53:0,HelloWorld,Editor,C:/Users/박기훈/IdeaProjects/HelloWorld/src/HelloWorld.java,HelloWorld::main,2,50,Default task
2021-09-01T18:03:38.444+09:00,박기훈,IdeState,Active,HelloWorld,Editor,C:/Users/박기훈/IdeaProjects/HelloWorld/src/HelloWorld.java,HelloWorld::main,2,51,Default task
2021-09-01T18:03:38.920+09:00,박기훈,KeyEvent,93:93:0,HelloWorld,Editor,C:/Users/박기훈/IdeaProjects/HelloWorld/src/HelloWorld.java,HelloWorld::main,2,51,Default task
2021-09-01T18:03:39.452+09:00,박기훈,IdeState,Active,HelloWorld,Editor,C:/Users/박기훈/IdeaProjects/HelloWorld/src/HelloWorld.java,HelloWorld::main,2,52,Default task
2021-09-01T18:03:40.107+09:00,박기훈,KeyEvent,65535:16:1,HelloWorld,Editor,C:/Users/박기훈/IdeaProjects/HelloWorld/src/HelloWorld.java,HelloWorld::main,2,52,Default task
2021-09-01T18:03:40.364+09:00,박기훈,KeyEvent,65535:16:1,HelloWorld,Editor,C:/Users/박기훈/IdeaProjects/HelloWorld/src/HelloWorld.java,HelloWorld::main,2,52,Default task
2021-09-01T18:03:40.364+09:00,박기훈,KeyEvent,33:49:1,HelloWorld,Editor,C:/Users/박기훈/IdeaProjects/HelloWorld/src/HelloWorld.java,HelloWorld::main,2,52,Default task
2021-09-01T18:03:40.462+09:00,박기훈,IdeState,Active,HelloWorld,Editor,C:/Users/박기훈/IdeaProjects/HelloWorld/src/HelloWorld.java,HelloWorld::main,2,53,Default task
2021-09-01T18:03:40.865+09:00,박기훈,KeyEvent,65535:17:2,HelloWorld,Editor,C:/Users/박기훈/IdeaProjects/HelloWorld/src/HelloWorld.java,HelloWorld::main,2,53,Default task
2021-09-01T18:03:41.127+09:00,박기훈,KeyEvent,65535:17:2,HelloWorld,Editor,C:/Users/박기훈/IdeaProjects/HelloWorld/src/HelloWorld.java,HelloWorld::main,2,53,Default task
2021-09-01T18:03:41.157+09:00,박기훈,KeyEvent,65535:17:2,HelloWorld,Editor,C:/Users/박기훈/IdeaProjects/HelloWorld/src/HelloWorld.java,HelloWorld::main,2,53,Default task
2021-09-01T18:03:41.188+09:00,박기훈,KeyEvent,65535:17:2,HelloWorld,Editor,C:/Users/박기훈/IdeaProjects/HelloWorld/src/HelloWorld.java,HelloWorld::main,2,53,Default task
2021-09-01T18:03:41.219+09:00,박기훈,KeyEvent,65535:17:2,HelloWorld,Editor,C:/Users/박기훈/IdeaProjects/HelloWorld/src/HelloWorld.java,HelloWorld::main,2,53,Default task
2021-09-01T18:03:41.248+09:00,박기훈,KeyEvent,65535:17:2,HelloWorld,Editor,C:/Users/박기훈/IdeaProjects/HelloWorld/src/HelloWorld.java,HelloWorld::main,2,53,Default task
2021-09-01T18:03:41.294+09:00,박기훈,KeyEvent,65535:17:2,HelloWorld,Editor,C:/Users/박기훈/IdeaProjects/HelloWorld/src/HelloWorld.java,HelloWorld::main,2,53,Default task
2021-09-01T18:03:41.325+09:00,박기훈,KeyEvent,65535:17:2,HelloWorld,Editor,C:/Users/박기훈/IdeaProjects/HelloWorld/src/HelloWorld.java,HelloWorld::main,2,53,Default task
2021-09-01T18:03:41.355+09:00,박기훈,KeyEvent,65535:17:2,HelloWorld,Editor,C:/Users/박기훈/IdeaProjects/HelloWorld/src/HelloWorld.java,HelloWorld::main,2,53,Default task
2021-09-01T18:03:41.385+09:00,박기훈,KeyEvent,65535:17:2,HelloWorld,Editor,C:/Users/박기훈/IdeaProjects/HelloWorld/src/HelloWorld.java,HelloWorld::main,2,53,Default task
2021-09-01T18:03:41.415+09:00,박기훈,KeyEvent,65535:17:2,HelloWorld,Editor,C:/Users/박기훈/IdeaProjects/HelloWorld/src/HelloWorld.java,HelloWorld::main,2,53,Default task
2021-09-01T18:03:41.446+09:00,박기훈,KeyEvent,65535:17:2,HelloWorld,Editor,C:/Users/박기훈/IdeaProjects/HelloWorld/src/HelloWorld.java,HelloWorld::main,2,53,Default task
2021-09-01T18:03:41.475+09:00,박기훈,IdeState,Active,HelloWorld,Editor,C:/Users/박기훈/IdeaProjects/HelloWorld/src/HelloWorld.java,HelloWorld::main,2,53,Default task
2021-09-01T18:03:41.490+09:00,박기훈,KeyEvent,65535:17:2,HelloWorld,Editor,C:/Users/박기훈/IdeaProjects/HelloWorld/src/HelloWorld.java,HelloWorld::main,2,53,Default task
2021-09-01T18:03:41.522+09:00,박기훈,KeyEvent,65535:17:2,HelloWorld,Editor,C:/Users/박기훈/IdeaProjects/HelloWorld/src/HelloWorld.java,HelloWorld::main,2,53,Default task
2021-09-01T18:03:41.551+09:00,박기훈,KeyEvent,65535:17:2,HelloWorld,Editor,C:/Users/박기훈/IdeaProjects/HelloWorld/src/HelloWorld.java,HelloWorld::main,2,53,Default task
2021-09-01T18:03:41.581+09:00,박기훈,KeyEvent,65535:17:2,HelloWorld,Editor,C:/Users/박기훈/IdeaProjects/HelloWorld/src/HelloWorld.java,HelloWorld::main,2,53,Default task
2021-09-01T18:03:41.611+09:00,박기훈,KeyEvent,65535:17:2,HelloWorld,Editor,C:/Users/박기훈/IdeaProjects/HelloWorld/src/HelloWorld.java,HelloWorld::main,2,53,Default task
2021-09-01T18:03:41.656+09:00,박기훈,KeyEvent,65535:17:2,HelloWorld,Editor,C:/Users/박기훈/IdeaProjects/HelloWorld/src/HelloWorld.java,HelloWorld::main,2,53,Default task
2021-09-01T18:03:41.686+09:00,박기훈,KeyEvent,65535:17:2,HelloWorld,Editor,C:/Users/박기훈/IdeaProjects/HelloWorld/src/HelloWorld.java,HelloWorld::main,2,53,Default task
2021-09-01T18:03:41.716+09:00,박기훈,KeyEvent,65535:17:2,HelloWorld,Editor,C:/Users/박기훈/IdeaProjects/HelloWorld/src/HelloWorld.java,HelloWorld::main,2,53,Default task
2021-09-01T18:03:41.746+09:00,박기훈,KeyEvent,65535:17:2,HelloWorld,Editor,C:/Users/박기훈/IdeaProjects/HelloWorld/src/HelloWorld.java,HelloWorld::main,2,53,Default task
2021-09-01T18:03:41.791+09:00,박기훈,KeyEvent,65535:17:2,HelloWorld,Editor,C:/Users/박기훈/IdeaProjects/HelloWorld/src/HelloWorld.java,HelloWorld::main,2,53,Default task
2021-09-01T18:03:41.821+09:00,박기훈,KeyEvent,65535:17:2,HelloWorld,Editor,C:/Users/박기훈/IdeaProjects/HelloWorld/src/HelloWorld.java,HelloWorld::main,2,53,Default task
2021-09-01T18:03:41.851+09:00,박기훈,KeyEvent,65535:17:2,HelloWorld,Editor,C:/Users/박기훈/IdeaProjects/HelloWorld/src/HelloWorld.java,HelloWorld::main,2,53,Default task
2021-09-01T18:03:41.883+09:00,박기훈,KeyEvent,65535:17:2,HelloWorld,Editor,C:/Users/박기훈/IdeaProjects/HelloWorld/src/HelloWorld.java,HelloWorld::main,2,53,Default task
2021-09-01T18:03:41.911+09:00,박기훈,KeyEvent,65535:17:2,HelloWorld,Editor,C:/Users/박기훈/IdeaProjects/HelloWorld/src/HelloWorld.java,HelloWorld::main,2,53,Default task
2021-09-01T18:03:41.940+09:00,박기훈,KeyEvent,65535:17:2,HelloWorld,Editor,C:/Users/박기훈/IdeaProjects/HelloWorld/src/HelloWorld.java,HelloWorld::main,2,53,Default task
2021-09-01T18:03:41.956+09:00,박기훈,Action,SaveAll,HelloWorld,Editor,C:/Users/박기훈/IdeaProjects/HelloWorld/src/HelloWorld.java,HelloWorld::main,2,53,Default task
2021-09-01T18:03:41.965+09:00,박기훈,KeyEvent,19:83:2,HelloWorld,Editor,C:/Users/박기훈/IdeaProjects/HelloWorld/src/HelloWorld.java,HelloWorld::main,2,53,Default task
2021-09-01T18:03:42.482+09:00,박기훈,IdeState,Active,HelloWorld,Editor,C:/Users/박기훈/IdeaProjects/HelloWorld/src/HelloWorld.java,HelloWorld::main,2,53,Default task
2021-09-01T18:03:43.489+09:00,박기훈,IdeState,Active,HelloWorld,Editor,C:/Users/박기훈/IdeaProjects/HelloWorld/src/HelloWorld.java,HelloWorld::main,2,53,Default task
2021-09-01T18:03:44.498+09:00,박기훈,IdeState,Active,HelloWorld,Editor,C:/Users/박기훈/IdeaProjects/HelloWorld/src/HelloWorld.java,HelloWorld::main,2,53,Default task
2021-09-01T18:03:45.505+09:00,박기훈,IdeState,Active,HelloWorld,Editor,C:/Users/박기훈/IdeaProjects/HelloWorld/src/HelloWorld.java,HelloWorld::main,2,53,Default task
2021-09-01T18:03:46.513+09:00,박기훈,IdeState,Inactive,,,,,-1,-1,
2021-09-01T18:03:47.520+09:00,박기훈,IdeState,Inactive,,,,,-1,-1,
2021-09-01T18:03:48.527+09:00,박기훈,IdeState,Inactive,,,,,-1,-1,
2021-09-01T18:03:49.532+09:00,박기훈,IdeState,Inactive,,,,,-1,-1,
2021-09-01T18:03:50.540+09:00,박기훈,IdeState,Inactive,,,,,-1,-1,
2021-09-01T18:03:51.548+09:00,박기훈,IdeState,Inactive,,,,,-1,-1,
2021-09-01T18:03:52.557+09:00,박기훈,IdeState,Inactive,,,,,-1,-1,
2021-09-01T18:03:53.566+09:00,박기훈,IdeState,Inactive,,,,,-1,-1,
2021-09-01T18:03:54.577+09:00,박기훈,IdeState,Inactive,,,,,-1,-1,
2021-09-01T18:03:55.588+09:00,박기훈,IdeState,Inactive,,,,,-1,-1,
2021-09-01T18:03:56.592+09:00,박기훈,IdeState,Inactive,,,,,-1,-1,
2021-09-01T18:03:57.601+09:00,박기훈,IdeState,Inactive,,,,,-1,-1,
2021-09-01T18:03:58.611+09:00,박기훈,IdeState,Inactive,,,,,-1,-1,
2021-09-01T18:03:59.618+09:00,박기훈,IdeState,Inactive,,,,,-1,-1,
2021-09-01T18:04:00.624+09:00,박기훈,IdeState,Inactive,,,,,-1,-1,
2021-09-01T18:04:01.633+09:00,박기훈,IdeState,Inactive,,,,,-1,-1,
2021-09-01T18:04:02.645+09:00,박기훈,IdeState,Inactive,,,,,-1,-1,
2021-09-01T18:04:03.656+09:00,박기훈,IdeState,Inactive,,,,,-1,-1,
2021-09-01T18:04:04.663+09:00,박기훈,IdeState,Inactive,,,,,-1,-1,
2021-09-01T18:04:05.671+09:00,박기훈,IdeState,Inactive,,,,,-1,-1,
2021-09-01T18:04:06.679+09:00,박기훈,IdeState,Inactive,,,,,-1,-1,
2021-09-01T18:04:07.690+09:00,박기훈,IdeState,Inactive,,,,,-1,-1,
2021-09-01T18:04:08.697+09:00,박기훈,IdeState,Inactive,,,,,-1,-1,
2021-09-01T18:04:09.706+09:00,박기훈,IdeState,Inactive,,,,,-1,-1,
2021-09-01T18:04:10.716+09:00,박기훈,IdeState,Inactive,,,,,-1,-1,
2021-09-01T18:04:11.729+09:00,박기훈,IdeState,Inactive,,,,,-1,-1,
2021-09-01T18:04:12.737+09:00,박기훈,IdeState,Inactive,,,,,-1,-1,
2021-09-01T18:04:13.743+09:00,박기훈,IdeState,Active,HelloWorld,Editor,C:/Users/박기훈/IdeaProjects/HelloWorld/src/HelloWorld.java,,5,0,Default task
2021-09-01T18:04:14.750+09:00,박기훈,IdeState,Active,HelloWorld,Editor,C:/Users/박기훈/IdeaProjects/HelloWorld/src/HelloWorld.java,,5,0,Default task
2021-09-01T18:04:15.756+09:00,박기훈,IdeState,Active,HelloWorld,Editor,C:/Users/박기훈/IdeaProjects/HelloWorld/src/HelloWorld.java,,5,0,Default task
2021-09-01T18:04:16.762+09:00,박기훈,IdeState,Active,HelloWorld,Editor,C:/Users/박기훈/IdeaProjects/HelloWorld/src/HelloWorld.java,,5,0,Default task
2021-09-01T18:04:17.766+09:00,박기훈,IdeState,Active,HelloWorld,Terminal,C:/Users/박기훈/IdeaProjects/HelloWorld/src/HelloWorld.java,,5,0,Default task
2021-09-01T18:04:18.771+09:00,박기훈,IdeState,Active,HelloWorld,Terminal,C:/Users/박기훈/IdeaProjects/HelloWorld/src/HelloWorld.java,,5,0,Default task
2021-09-01T18:04:19.780+09:00,박기훈,IdeState,Active,HelloWorld,Terminal,C:/Users/박기훈/IdeaProjects/HelloWorld/src/HelloWorld.java,,5,0,Default task
2021-09-01T18:04:20.793+09:00,박기훈,IdeState,Active,HelloWorld,Terminal,C:/Users/박기훈/IdeaProjects/HelloWorld/src/HelloWorld.java,,5,0,Default task
2021-09-01T18:04:21.797+09:00,박기훈,IdeState,Inactive,,,,,-1,-1,
2021-09-01T18:04:22.806+09:00,박기훈,IdeState,Inactive,,,,,-1,-1,
2021-09-01T18:04:23.816+09:00,박기훈,IdeState,Inactive,,,,,-1,-1,
2021-09-01T18:04:24.826+09:00,박기훈,IdeState,Inactive,,,,,-1,-1,
2021-09-01T18:04:25.835+09:00,박기훈,IdeState,Inactive,,,,,-1,-1,
2021-09-01T18:04:26.255+09:00,박기훈,KeyEvent,106:74:0,HelloWorld,Terminal,C:/Users/박기훈/IdeaProjects/HelloWorld/src/HelloWorld.java,,5,0,Default task
2021-09-01T18:04:26.658+09:00,박기훈,KeyEvent,97:65:0,HelloWorld,Terminal,C:/Users/박기훈/IdeaProjects/HelloWorld/src/HelloWorld.java,,5,0,Default task
2021-09-01T18:04:26.844+09:00,박기훈,IdeState,Active,HelloWorld,Terminal,C:/Users/박기훈/IdeaProjects/HelloWorld/src/HelloWorld.java,,5,0,Default task
2021-09-01T18:04:26.894+09:00,박기훈,KeyEvent,118:86:0,HelloWorld,Terminal,C:/Users/박기훈/IdeaProjects/HelloWorld/src/HelloWorld.java,,5,0,Default task
2021-09-01T18:04:26.994+09:00,박기훈,KeyEvent,97:65:0,HelloWorld,Terminal,C:/Users/박기훈/IdeaProjects/HelloWorld/src/HelloWorld.java,,5,0,Default task
2021-09-01T18:04:27.855+09:00,박기훈,IdeState,Active,HelloWorld,Terminal,C:/Users/박기훈/IdeaProjects/HelloWorld/src/HelloWorld.java,,5,0,Default task
2021-09-01T18:04:28.016+09:00,박기훈,KeyEvent,99:67:0,HelloWorld,Terminal,C:/Users/박기훈/IdeaProjects/HelloWorld/src/HelloWorld.java,,5,0,Default task
2021-09-01T18:04:28.192+09:00,박기훈,KeyEvent,32:32:0,HelloWorld,Terminal,C:/Users/박기훈/IdeaProjects/HelloWorld/src/HelloWorld.java,,5,0,Default task
2021-09-01T18:04:28.861+09:00,박기훈,IdeState,Active,HelloWorld,Terminal,C:/Users/박기훈/IdeaProjects/HelloWorld/src/HelloWorld.java,,5,0,Default task
2021-09-01T18:04:29.871+09:00,박기훈,IdeState,Active,HelloWorld,Terminal,C:/Users/박기훈/IdeaProjects/HelloWorld/src/HelloWorld.java,,5,0,Default task
2021-09-01T18:04:30.163+09:00,박기훈,KeyEvent,65535:16:1,HelloWorld,Terminal,C:/Users/박기훈/IdeaProjects/HelloWorld/src/HelloWorld.java,,5,0,Default task
2021-09-01T18:04:30.360+09:00,박기훈,KeyEvent,74:74:1,HelloWorld,Terminal,C:/Users/박기훈/IdeaProjects/HelloWorld/src/HelloWorld.java,,5,0,Default task
2021-09-01T18:04:30.369+09:00,박기훈,KeyEvent,72:72:1,HelloWorld,Terminal,C:/Users/박기훈/IdeaProjects/HelloWorld/src/HelloWorld.java,,5,0,Default task
2021-09-01T18:04:30.848+09:00,박기훈,KeyEvent,8:8:1,HelloWorld,Terminal,C:/Users/박기훈/IdeaProjects/HelloWorld/src/HelloWorld.java,,5,0,Default task
2021-09-01T18:04:30.878+09:00,박기훈,IdeState,Active,HelloWorld,Terminal,C:/Users/박기훈/IdeaProjects/HelloWorld/src/HelloWorld.java,,5,0,Default task
2021-09-01T18:04:31.029+09:00,박기훈,KeyEvent,8:8:1,HelloWorld,Terminal,C:/Users/박기훈/IdeaProjects/HelloWorld/src/HelloWorld.java,,5,0,Default task
2021-09-01T18:04:31.173+09:00,박기훈,KeyEvent,72:72:1,HelloWorld,Terminal,C:/Users/박기훈/IdeaProjects/HelloWorld/src/HelloWorld.java,,5,0,Default task
2021-09-01T18:04:31.562+09:00,박기훈,KeyEvent,101:69:0,HelloWorld,Terminal,C:/Users/박기훈/IdeaProjects/HelloWorld/src/HelloWorld.java,,5,0,Default task
2021-09-01T18:04:31.757+09:00,박기훈,KeyEvent,108:76:0,HelloWorld,Terminal,C:/Users/박기훈/IdeaProjects/HelloWorld/src/HelloWorld.java,,5,0,Default task
2021-09-01T18:04:31.888+09:00,박기훈,IdeState,Active,HelloWorld,Terminal,C:/Users/박기훈/IdeaProjects/HelloWorld/src/HelloWorld.java,,5,0,Default task
2021-09-01T18:04:31.903+09:00,박기훈,KeyEvent,108:76:0,HelloWorld,Terminal,C:/Users/박기훈/IdeaProjects/HelloWorld/src/HelloWorld.java,,5,0,Default task
2021-09-01T18:04:32.090+09:00,박기훈,KeyEvent,111:79:0,HelloWorld,Terminal,C:/Users/박기훈/IdeaProjects/HelloWorld/src/HelloWorld.java,,5,0,Default task
2021-09-01T18:04:32.622+09:00,박기훈,KeyEvent,65535:16:1,HelloWorld,Terminal,C:/Users/박기훈/IdeaProjects/HelloWorld/src/HelloWorld.java,,5,0,Default task
2021-09-01T18:04:32.734+09:00,박기훈,KeyEvent,87:87:1,HelloWorld,Terminal,C:/Users/박기훈/IdeaProjects/HelloWorld/src/HelloWorld.java,,5,0,Default task
2021-09-01T18:04:32.852+09:00,박기훈,KeyEvent,111:79:0,HelloWorld,Terminal,C:/Users/박기훈/IdeaProjects/HelloWorld/src/HelloWorld.java,,5,0,Default task
2021-09-01T18:04:32.898+09:00,박기훈,IdeState,Active,HelloWorld,Terminal,C:/Users/박기훈/IdeaProjects/HelloWorld/src/HelloWorld.java,,5,0,Default task
2021-09-01T18:04:33.022+09:00,박기훈,KeyEvent,114:82:0,HelloWorld,Terminal,C:/Users/박기훈/IdeaProjects/HelloWorld/src/HelloWorld.java,,5,0,Default task
2021-09-01T18:04:33.546+09:00,박기훈,KeyEvent,108:76:0,HelloWorld,Terminal,C:/Users/박기훈/IdeaProjects/HelloWorld/src/HelloWorld.java,,5,0,Default task
2021-09-01T18:04:33.679+09:00,박기훈,KeyEvent,100:68:0,HelloWorld,Terminal,C:/Users/박기훈/IdeaProjects/HelloWorld/src/HelloWorld.java,,5,0,Default task
2021-09-01T18:04:33.906+09:00,박기훈,IdeState,Active,HelloWorld,Terminal,C:/Users/박기훈/IdeaProjects/HelloWorld/src/HelloWorld.java,,5,0,Default task
2021-09-01T18:04:34.303+09:00,박기훈,KeyEvent,46:46:0,HelloWorld,Terminal,C:/Users/박기훈/IdeaProjects/HelloWorld/src/HelloWorld.java,,5,0,Default task
2021-09-01T18:04:34.701+09:00,박기훈,KeyEvent,106:74:0,HelloWorld,Terminal,C:/Users/박기훈/IdeaProjects/HelloWorld/src/HelloWorld.java,,5,0,Default task
2021-09-01T18:04:34.707+09:00,박기훈,KeyEvent,104:72:0,HelloWorld,Terminal,C:/Users/박기훈/IdeaProjects/HelloWorld/src/HelloWorld.java,,5,0,Default task
2021-09-01T18:04:34.918+09:00,박기훈,IdeState,Active,HelloWorld,Terminal,C:/Users/박기훈/IdeaProjects/HelloWorld/src/HelloWorld.java,,5,0,Default task
2021-09-01T18:04:35.180+09:00,박기훈,KeyEvent,8:8:0,HelloWorld,Terminal,C:/Users/박기훈/IdeaProjects/HelloWorld/src/HelloWorld.java,,5,0,Default task
2021-09-01T18:04:35.382+09:00,박기훈,KeyEvent,97:65:0,HelloWorld,Terminal,C:/Users/박기훈/IdeaProjects/HelloWorld/src/HelloWorld.java,,5,0,Default task
2021-09-01T18:04:35.521+09:00,박기훈,KeyEvent,118:86:0,HelloWorld,Terminal,C:/Users/박기훈/IdeaProjects/HelloWorld/src/HelloWorld.java,,5,0,Default task
2021-09-01T18:04:35.600+09:00,박기훈,KeyEvent,97:65:0,HelloWorld,Terminal,C:/Users/박기훈/IdeaProjects/HelloWorld/src/HelloWorld.java,,5,0,Default task
2021-09-01T18:04:35.758+09:00,박기훈,KeyEvent,10:10:0,HelloWorld,Terminal,C:/Users/박기훈/IdeaProjects/HelloWorld/src/HelloWorld.java,,5,0,Default task
2021-09-01T18:04:35.924+09:00,박기훈,IdeState,Active,HelloWorld,Terminal,C:/Users/박기훈/IdeaProjects/HelloWorld/src/HelloWorld.java,,5,0,Default task
2021-09-01T18:04:36.930+09:00,박기훈,IdeState,Active,HelloWorld,Terminal,C:/Users/박기훈/IdeaProjects/HelloWorld/src/HelloWorld.java,,5,0,Default task
2021-09-01T18:04:37.940+09:00,박기훈,IdeState,Active,HelloWorld,Terminal,C:/Users/박기훈/IdeaProjects/HelloWorld/src/HelloWorld.java,,5,0,Default task
2021-09-01T18:04:38.946+09:00,박기훈,IdeState,Inactive,,,,,-1,-1,
2021-09-01T18:04:39.955+09:00,박기훈,IdeState,Inactive,,,,,-1,-1,
2021-09-01T18:04:40.965+09:00,박기훈,IdeState,Inactive,,,,,-1,-1,
2021-09-01T18:04:41.973+09:00,박기훈,IdeState,Inactive,,,,,-1,-1,
2021-09-01T18:04:42.978+09:00,박기훈,IdeState,Inactive,,,,,-1,-1,
2021-09-01T18:04:43.984+09:00,박기훈,IdeState,Inactive,,,,,-1,-1,
2021-09-01T18:04:44.991+09:00,박기훈,IdeState,Inactive,,,,,-1,-1,
2021-09-01T18:04:45.998+09:00,박기훈,IdeState,Inactive,,,,,-1,-1,
2021-09-01T18:04:47.003+09:00,박기훈,IdeState,Inactive,,,,,-1,-1,
2021-09-01T18:04:48.013+09:00,박기훈,IdeState,Inactive,,,,,-1,-1,
2021-09-01T18:04:49.021+09:00,박기훈,IdeState,Inactive,,,,,-1,-1,
2021-09-01T18:04:50.029+09:00,박기훈,IdeState,Inactive,,,,,-1,-1,
2021-09-01T18:04:51.042+09:00,박기훈,IdeState,Inactive,,,,,-1,-1,
2021-09-01T18:04:52.051+09:00,박기훈,IdeState,Inactive,,,,,-1,-1,
2021-09-01T18:04:53.059+09:00,박기훈,IdeState,Active,HelloWorld,Terminal,C:/Users/박기훈/IdeaProjects/HelloWorld/src/HelloWorld.java,,5,0,Default task
2021-09-01T18:04:54.067+09:00,박기훈,IdeState,Active,HelloWorld,Terminal,C:/Users/박기훈/IdeaProjects/HelloWorld/src/HelloWorld.java,,5,0,Default task
2021-09-01T18:04:55.076+09:00,박기훈,IdeState,Active,HelloWorld,Terminal,C:/Users/박기훈/IdeaProjects/HelloWorld/src/HelloWorld.java,,5,0,Default task
2021-09-01T18:04:56.084+09:00,박기훈,IdeState,Active,HelloWorld,Terminal,C:/Users/박기훈/IdeaProjects/HelloWorld/src/HelloWorld.java,,5,0,Default task
2021-09-01T18:04:56.969+09:00,박기훈,KeyEvent,108:76:0,HelloWorld,Terminal,C:/Users/박기훈/IdeaProjects/HelloWorld/src/HelloWorld.java,,5,0,Default task
2021-09-01T18:04:57.082+09:00,박기훈,KeyEvent,115:83:0,HelloWorld,Terminal,C:/Users/박기훈/IdeaProjects/HelloWorld/src/HelloWorld.java,,5,0,Default task
2021-09-01T18:04:57.094+09:00,박기훈,IdeState,Active,HelloWorld,Terminal,C:/Users/박기훈/IdeaProjects/HelloWorld/src/HelloWorld.java,,5,0,Default task
2021-09-01T18:04:57.245+09:00,박기훈,KeyEvent,10:10:0,HelloWorld,Terminal,C:/Users/박기훈/IdeaProjects/HelloWorld/src/HelloWorld.java,,5,0,Default task
2021-09-01T18:04:58.100+09:00,박기훈,IdeState,Active,HelloWorld,Terminal,C:/Users/박기훈/IdeaProjects/HelloWorld/src/HelloWorld.java,,5,0,Default task
2021-09-01T18:04:59.113+09:00,박기훈,IdeState,Active,HelloWorld,Terminal,C:/Users/박기훈/IdeaProjects/HelloWorld/src/HelloWorld.java,,5,0,Default task
2021-09-01T18:05:00.124+09:00,박기훈,IdeState,Active,HelloWorld,Terminal,C:/Users/박기훈/IdeaProjects/HelloWorld/src/HelloWorld.java,,5,0,Default task
2021-09-01T18:05:01.135+09:00,박기훈,IdeState,Active,HelloWorld,Terminal,C:/Users/박기훈/IdeaProjects/HelloWorld/src/HelloWorld.java,,5,0,Default task
2021-09-01T18:05:01.983+09:00,박기훈,KeyEvent,99:67:0,HelloWorld,Terminal,C:/Users/박기훈/IdeaProjects/HelloWorld/src/HelloWorld.java,,5,0,Default task
2021-09-01T18:05:02.101+09:00,박기훈,KeyEvent,100:68:0,HelloWorld,Terminal,C:/Users/박기훈/IdeaProjects/HelloWorld/src/HelloWorld.java,,5,0,Default task
2021-09-01T18:05:02.143+09:00,박기훈,IdeState,Active,HelloWorld,Terminal,C:/Users/박기훈/IdeaProjects/HelloWorld/src/HelloWorld.java,,5,0,Default task
2021-09-01T18:05:02.179+09:00,박기훈,KeyEvent,32:32:0,HelloWorld,Terminal,C:/Users/박기훈/IdeaProjects/HelloWorld/src/HelloWorld.java,,5,0,Default task
2021-09-01T18:05:02.797+09:00,박기훈,KeyEvent,115:83:0,HelloWorld,Terminal,C:/Users/박기훈/IdeaProjects/HelloWorld/src/HelloWorld.java,,5,0,Default task
2021-09-01T18:05:02.887+09:00,박기훈,KeyEvent,114:82:0,HelloWorld,Terminal,C:/Users/박기훈/IdeaProjects/HelloWorld/src/HelloWorld.java,,5,0,Default task
2021-09-01T18:05:03.154+09:00,박기훈,IdeState,Active,HelloWorld,Terminal,C:/Users/박기훈/IdeaProjects/HelloWorld/src/HelloWorld.java,,5,0,Default task
2021-09-01T18:05:03.444+09:00,박기훈,KeyEvent,99:67:0,HelloWorld,Terminal,C:/Users/박기훈/IdeaProjects/HelloWorld/src/HelloWorld.java,,5,0,Default task
2021-09-01T18:05:03.556+09:00,박기훈,KeyEvent,10:10:0,HelloWorld,Terminal,C:/Users/박기훈/IdeaProjects/HelloWorld/src/HelloWorld.java,,5,0,Default task
2021-09-01T18:05:03.919+09:00,박기훈,KeyEvent,108:76:0,HelloWorld,Terminal,C:/Users/박기훈/IdeaProjects/HelloWorld/src/HelloWorld.java,,5,0,Default task
2021-09-01T18:05:04.076+09:00,박기훈,KeyEvent,115:83:0,HelloWorld,Terminal,C:/Users/박기훈/IdeaProjects/HelloWorld/src/HelloWorld.java,,5,0,Default task
2021-09-01T18:05:04.095+09:00,박기훈,KeyEvent,97:65:0,HelloWorld,Terminal,C:/Users/박기훈/IdeaProjects/HelloWorld/src/HelloWorld.java,,5,0,Default task
2021-09-01T18:05:04.162+09:00,박기훈,IdeState,Active,HelloWorld,Terminal,C:/Users/박기훈/IdeaProjects/HelloWorld/src/HelloWorld.java,,5,0,Default task
2021-09-01T18:05:04.619+09:00,박기훈,KeyEvent,8:8:0,HelloWorld,Terminal,C:/Users/박기훈/IdeaProjects/HelloWorld/src/HelloWorld.java,,5,0,Default task
2021-09-01T18:05:04.802+09:00,박기훈,KeyEvent,10:10:0,HelloWorld,Terminal,C:/Users/박기훈/IdeaProjects/HelloWorld/src/HelloWorld.java,,5,0,Default task
2021-09-01T18:05:05.171+09:00,박기훈,IdeState,Active,HelloWorld,Terminal,C:/Users/박기훈/IdeaProjects/HelloWorld/src/HelloWorld.java,,5,0,Default task
2021-09-01T18:05:06.171+09:00,박기훈,IdeState,Active,HelloWorld,Terminal,C:/Users/박기훈/IdeaProjects/HelloWorld/src/HelloWorld.java,,5,0,Default task
2021-09-01T18:05:07.181+09:00,박기훈,IdeState,Active,HelloWorld,Terminal,C:/Users/박기훈/IdeaProjects/HelloWorld/src/HelloWorld.java,,5,0,Default task
2021-09-01T18:05:08.191+09:00,박기훈,IdeState,Active,HelloWorld,Terminal,C:/Users/박기훈/IdeaProjects/HelloWorld/src/HelloWorld.java,,5,0,Default task
2021-09-01T18:05:08.775+09:00,박기훈,KeyEvent,106:74:0,HelloWorld,Terminal,C:/Users/박기훈/IdeaProjects/HelloWorld/src/HelloWorld.java,,5,0,Default task
2021-09-01T18:05:08.849+09:00,박기훈,KeyEvent,97:65:0,HelloWorld,Terminal,C:/Users/박기훈/IdeaProjects/HelloWorld/src/HelloWorld.java,,5,0,Default task
2021-09-01T18:05:08.993+09:00,박기훈,KeyEvent,118:86:0,HelloWorld,Terminal,C:/Users/박기훈/IdeaProjects/HelloWorld/src/HelloWorld.java,,5,0,Default task
2021-09-01T18:05:09.135+09:00,박기훈,KeyEvent,97:65:0,HelloWorld,Terminal,C:/Users/박기훈/IdeaProjects/HelloWorld/src/HelloWorld.java,,5,0,Default task
2021-09-01T18:05:09.203+09:00,박기훈,IdeState,Active,HelloWorld,Terminal,C:/Users/박기훈/IdeaProjects/HelloWorld/src/HelloWorld.java,,5,0,Default task
2021-09-01T18:05:09.754+09:00,박기훈,KeyEvent,99:67:0,HelloWorld,Terminal,C:/Users/박기훈/IdeaProjects/HelloWorld/src/HelloWorld.java,,5,0,Default task
2021-09-01T18:05:10.211+09:00,박기훈,IdeState,Active,HelloWorld,Terminal,C:/Users/박기훈/IdeaProjects/HelloWorld/src/HelloWorld.java,,5,0,Default task
2021-09-01T18:05:10.315+09:00,박기훈,KeyEvent,32:32:0,HelloWorld,Terminal,C:/Users/박기훈/IdeaProjects/HelloWorld/src/HelloWorld.java,,5,0,Default task
2021-09-01T18:05:11.221+09:00,박기훈,IdeState,Active,HelloWorld,Terminal,C:/Users/박기훈/IdeaProjects/HelloWorld/src/HelloWorld.java,,5,0,Default task
2021-09-01T18:05:11.235+09:00,박기훈,KeyEvent,65535:16:1,HelloWorld,Terminal,C:/Users/박기훈/IdeaProjects/HelloWorld/src/HelloWorld.java,,5,0,Default task
2021-09-01T18:05:11.495+09:00,박기훈,KeyEvent,65535:16:1,HelloWorld,Terminal,C:/Users/박기훈/IdeaProjects/HelloWorld/src/HelloWorld.java,,5,0,Default task
2021-09-01T18:05:11.522+09:00,박기훈,KeyEvent,65535:16:1,HelloWorld,Terminal,C:/Users/박기훈/IdeaProjects/HelloWorld/src/HelloWorld.java,,5,0,Default task
2021-09-01T18:05:11.535+09:00,박기훈,KeyEvent,72:72:1,HelloWorld,Terminal,C:/Users/박기훈/IdeaProjects/HelloWorld/src/HelloWorld.java,,5,0,Default task
2021-09-01T18:05:11.792+09:00,박기훈,KeyEvent,101:69:0,HelloWorld,Terminal,C:/Users/박기훈/IdeaProjects/HelloWorld/src/HelloWorld.java,,5,0,Default task
2021-09-01T18:05:11.955+09:00,박기훈,KeyEvent,108:76:0,HelloWorld,Terminal,C:/Users/박기훈/IdeaProjects/HelloWorld/src/HelloWorld.java,,5,0,Default task
2021-09-01T18:05:12.107+09:00,박기훈,KeyEvent,108:76:0,HelloWorld,Terminal,C:/Users/박기훈/IdeaProjects/HelloWorld/src/HelloWorld.java,,5,0,Default task
2021-09-01T18:05:12.229+09:00,박기훈,IdeState,Active,HelloWorld,Terminal,C:/Users/박기훈/IdeaProjects/HelloWorld/src/HelloWorld.java,,5,0,Default task
2021-09-01T18:05:12.322+09:00,박기훈,KeyEvent,111:79:0,HelloWorld,Terminal,C:/Users/박기훈/IdeaProjects/HelloWorld/src/HelloWorld.java,,5,0,Default task
2021-09-01T18:05:12.524+09:00,박기훈,KeyEvent,65535:16:1,HelloWorld,Terminal,C:/Users/박기훈/IdeaProjects/HelloWorld/src/HelloWorld.java,,5,0,Default task
2021-09-01T18:05:12.597+09:00,박기훈,KeyEvent,87:87:1,HelloWorld,Terminal,C:/Users/박기훈/IdeaProjects/HelloWorld/src/HelloWorld.java,,5,0,Default task
2021-09-01T18:05:12.867+09:00,박기훈,KeyEvent,111:79:0,HelloWorld,Terminal,C:/Users/박기훈/IdeaProjects/HelloWorld/src/HelloWorld.java,,5,0,Default task
2021-09-01T18:05:13.052+09:00,박기훈,KeyEvent,114:82:0,HelloWorld,Terminal,C:/Users/박기훈/IdeaProjects/HelloWorld/src/HelloWorld.java,,5,0,Default task
2021-09-01T18:05:13.232+09:00,박기훈,KeyEvent,108:76:0,HelloWorld,Terminal,C:/Users/박기훈/IdeaProjects/HelloWorld/src/HelloWorld.java,,5,0,Default task
2021-09-01T18:05:13.241+09:00,박기훈,IdeState,Active,HelloWorld,Terminal,C:/Users/박기훈/IdeaProjects/HelloWorld/src/HelloWorld.java,,5,0,Default task
2021-09-01T18:05:13.372+09:00,박기훈,KeyEvent,100:68:0,HelloWorld,Terminal,C:/Users/박기훈/IdeaProjects/HelloWorld/src/HelloWorld.java,,5,0,Default task
2021-09-01T18:05:13.744+09:00,박기훈,KeyEvent,46:46:0,HelloWorld,Terminal,C:/Users/박기훈/IdeaProjects/HelloWorld/src/HelloWorld.java,,5,0,Default task
2021-09-01T18:05:14.068+09:00,박기훈,KeyEvent,106:74:0,HelloWorld,Terminal,C:/Users/박기훈/IdeaProjects/HelloWorld/src/HelloWorld.java,,5,0,Default task
2021-09-01T18:05:14.119+09:00,박기훈,KeyEvent,104:72:0,HelloWorld,Terminal,C:/Users/박기훈/IdeaProjects/HelloWorld/src/HelloWorld.java,,5,0,Default task
2021-09-01T18:05:14.251+09:00,박기훈,IdeState,Active,HelloWorld,Terminal,C:/Users/박기훈/IdeaProjects/HelloWorld/src/HelloWorld.java,,5,0,Default task
2021-09-01T18:05:14.513+09:00,박기훈,KeyEvent,8:8:0,HelloWorld,Terminal,C:/Users/박기훈/IdeaProjects/HelloWorld/src/HelloWorld.java,,5,0,Default task
2021-09-01T18:05:14.648+09:00,박기훈,KeyEvent,97:65:0,HelloWorld,Terminal,C:/Users/박기훈/IdeaProjects/HelloWorld/src/HelloWorld.java,,5,0,Default task
2021-09-01T18:05:14.766+09:00,박기훈,KeyEvent,118:86:0,HelloWorld,Terminal,C:/Users/박기훈/IdeaProjects/HelloWorld/src/HelloWorld.java,,5,0,Default task
2021-09-01T18:05:14.840+09:00,박기훈,KeyEvent,97:65:0,HelloWorld,Terminal,C:/Users/박기훈/IdeaProjects/HelloWorld/src/HelloWorld.java,,5,0,Default task
2021-09-01T18:05:15.037+09:00,박기훈,KeyEvent,10:10:0,HelloWorld,Terminal,C:/Users/박기훈/IdeaProjects/HelloWorld/src/HelloWorld.java,,5,0,Default task
2021-09-01T18:05:15.260+09:00,박기훈,IdeState,Active,HelloWorld,Terminal,C:/Users/박기훈/IdeaProjects/HelloWorld/src/HelloWorld.java,,5,0,Default task
2021-09-01T18:05:16.266+09:00,박기훈,IdeState,Active,HelloWorld,Terminal,C:/Users/박기훈/IdeaProjects/HelloWorld/src/HelloWorld.java,,5,0,Default task
2021-09-01T18:05:17.276+09:00,박기훈,IdeState,Active,HelloWorld,Terminal,C:/Users/박기훈/IdeaProjects/HelloWorld/src/HelloWorld.java,,5,0,Default task
2021-09-01T18:05:17.338+09:00,박기훈,KeyEvent,108:76:0,HelloWorld,Terminal,C:/Users/박기훈/IdeaProjects/HelloWorld/src/HelloWorld.java,,5,0,Default task
2021-09-01T18:05:17.411+09:00,박기훈,KeyEvent,115:83:0,HelloWorld,Terminal,C:/Users/박기훈/IdeaProjects/HelloWorld/src/HelloWorld.java,,5,0,Default task
2021-09-01T18:05:17.507+09:00,박기훈,KeyEvent,10:10:0,HelloWorld,Terminal,C:/Users/박기훈/IdeaProjects/HelloWorld/src/HelloWorld.java,,5,0,Default task
2021-09-01T18:05:18.285+09:00,박기훈,IdeState,Active,HelloWorld,Terminal,C:/Users/박기훈/IdeaProjects/HelloWorld/src/HelloWorld.java,,5,0,Default task
2021-09-01T18:05:19.295+09:00,박기훈,IdeState,Active,HelloWorld,Terminal,C:/Users/박기훈/IdeaProjects/HelloWorld/src/HelloWorld.java,,5,0,Default task
2021-09-01T18:05:20.307+09:00,박기훈,IdeState,Active,HelloWorld,Terminal,C:/Users/박기훈/IdeaProjects/HelloWorld/src/HelloWorld.java,,5,0,Default task
2021-09-01T18:05:21.315+09:00,박기훈,IdeState,Active,HelloWorld,Terminal,C:/Users/박기훈/IdeaProjects/HelloWorld/src/HelloWorld.java,,5,0,Default task
2021-09-01T18:05:22.318+09:00,박기훈,IdeState,Active,HelloWorld,Terminal,C:/Users/박기훈/IdeaProjects/HelloWorld/src/HelloWorld.java,,5,0,Default task
2021-09-01T18:05:23.330+09:00,박기훈,IdeState,Active,HelloWorld,Terminal,C:/Users/박기훈/IdeaProjects/HelloWorld/src/HelloWorld.java,,5,0,Default task
2021-09-01T18:05:23.591+09:00,박기훈,KeyEvent,104:72:0,HelloWorld,Terminal,C:/Users/박기훈/IdeaProjects/HelloWorld/src/HelloWorld.java,,5,0,Default task
2021-09-01T18:05:24.341+09:00,박기훈,IdeState,Active,HelloWorld,Terminal,C:/Users/박기훈/IdeaProjects/HelloWorld/src/HelloWorld.java,,5,0,Default task
2021-09-01T18:05:24.418+09:00,박기훈,KeyEvent,8:8:0,HelloWorld,Terminal,C:/Users/박기훈/IdeaProjects/HelloWorld/src/HelloWorld.java,,5,0,Default task
2021-09-01T18:05:24.633+09:00,박기훈,KeyEvent,8:8:0,HelloWorld,Terminal,C:/Users/박기훈/IdeaProjects/HelloWorld/src/HelloWorld.java,,5,0,Default task
2021-09-01T18:05:25.350+09:00,박기훈,IdeState,Active,HelloWorld,Terminal,C:/Users/박기훈/IdeaProjects/HelloWorld/src/HelloWorld.java,,5,0,Default task
2021-09-01T18:05:25.367+09:00,박기훈,KeyEvent,8:8:0,HelloWorld,Terminal,C:/Users/박기훈/IdeaProjects/HelloWorld/src/HelloWorld.java,,5,0,Default task
2021-09-01T18:05:25.582+09:00,박기훈,KeyEvent,8:8:0,HelloWorld,Terminal,C:/Users/박기훈/IdeaProjects/HelloWorld/src/HelloWorld.java,,5,0,Default task
2021-09-01T18:05:26.360+09:00,박기훈,IdeState,Active,HelloWorld,Terminal,C:/Users/박기훈/IdeaProjects/HelloWorld/src/HelloWorld.java,,5,0,Default task
2021-09-01T18:05:27.365+09:00,박기훈,IdeState,Active,HelloWorld,Terminal,C:/Users/박기훈/IdeaProjects/HelloWorld/src/HelloWorld.java,,5,0,Default task
2021-09-01T18:05:27.380+09:00,박기훈,KeyEvent,106:74:0,HelloWorld,Terminal,C:/Users/박기훈/IdeaProjects/HelloWorld/src/HelloWorld.java,,5,0,Default task
2021-09-01T18:05:27.453+09:00,박기훈,KeyEvent,97:65:0,HelloWorld,Terminal,C:/Users/박기훈/IdeaProjects/HelloWorld/src/HelloWorld.java,,5,0,Default task
2021-09-01T18:05:27.682+09:00,박기훈,KeyEvent,118:86:0,HelloWorld,Terminal,C:/Users/박기훈/IdeaProjects/HelloWorld/src/HelloWorld.java,,5,0,Default task
2021-09-01T18:05:27.767+09:00,박기훈,KeyEvent,97:65:0,HelloWorld,Terminal,C:/Users/박기훈/IdeaProjects/HelloWorld/src/HelloWorld.java,,5,0,Default task
2021-09-01T18:05:27.964+09:00,박기훈,KeyEvent,32:32:0,HelloWorld,Terminal,C:/Users/박기훈/IdeaProjects/HelloWorld/src/HelloWorld.java,,5,0,Default task
2021-09-01T18:05:28.076+09:00,박기훈,KeyEvent,65535:16:1,HelloWorld,Terminal,C:/Users/박기훈/IdeaProjects/HelloWorld/src/HelloWorld.java,,5,0,Default task
2021-09-01T18:05:28.286+09:00,박기훈,KeyEvent,76:76:1,HelloWorld,Terminal,C:/Users/박기훈/IdeaProjects/HelloWorld/src/HelloWorld.java,,5,0,Default task
2021-09-01T18:05:28.374+09:00,박기훈,IdeState,Active,HelloWorld,Terminal,C:/Users/박기훈/IdeaProjects/HelloWorld/src/HelloWorld.java,,5,0,Default task
2021-09-01T18:05:28.757+09:00,박기훈,KeyEvent,101:69:0,HelloWorld,Terminal,C:/Users/박기훈/IdeaProjects/HelloWorld/src/HelloWorld.java,,5,0,Default task
2021-09-01T18:05:28.966+09:00,박기훈,KeyEvent,8:8:0,HelloWorld,Terminal,C:/Users/박기훈/IdeaProjects/HelloWorld/src/HelloWorld.java,,5,0,Default task
2021-09-01T18:05:29.124+09:00,박기훈,KeyEvent,8:8:0,HelloWorld,Terminal,C:/Users/박기훈/IdeaProjects/HelloWorld/src/HelloWorld.java,,5,0,Default task
2021-09-01T18:05:29.230+09:00,박기훈,KeyEvent,65535:16:1,HelloWorld,Terminal,C:/Users/박기훈/IdeaProjects/HelloWorld/src/HelloWorld.java,,5,0,Default task
2021-09-01T18:05:29.335+09:00,박기훈,KeyEvent,72:72:1,HelloWorld,Terminal,C:/Users/박기훈/IdeaProjects/HelloWorld/src/HelloWorld.java,,5,0,Default task
2021-09-01T18:05:29.380+09:00,박기훈,IdeState,Active,HelloWorld,Terminal,C:/Users/박기훈/IdeaProjects/HelloWorld/src/HelloWorld.java,,5,0,Default task
2021-09-01T18:05:29.499+09:00,박기훈,KeyEvent,101:69:0,HelloWorld,Terminal,C:/Users/박기훈/IdeaProjects/HelloWorld/src/HelloWorld.java,,5,0,Default task
2021-09-01T18:05:29.763+09:00,박기훈,KeyEvent,108:76:0,HelloWorld,Terminal,C:/Users/박기훈/IdeaProjects/HelloWorld/src/HelloWorld.java,,5,0,Default task
2021-09-01T18:05:29.898+09:00,박기훈,KeyEvent,108:76:0,HelloWorld,Terminal,C:/Users/박기훈/IdeaProjects/HelloWorld/src/HelloWorld.java,,5,0,Default task
2021-09-01T18:05:30.069+09:00,박기훈,KeyEvent,111:79:0,HelloWorld,Terminal,C:/Users/박기훈/IdeaProjects/HelloWorld/src/HelloWorld.java,,5,0,Default task
2021-09-01T18:05:30.241+09:00,박기훈,KeyEvent,65535:16:1,HelloWorld,Terminal,C:/Users/박기훈/IdeaProjects/HelloWorld/src/HelloWorld.java,,5,0,Default task
2021-09-01T18:05:30.313+09:00,박기훈,KeyEvent,87:87:1,HelloWorld,Terminal,C:/Users/박기훈/IdeaProjects/HelloWorld/src/HelloWorld.java,,5,0,Default task
2021-09-01T18:05:30.388+09:00,박기훈,IdeState,Active,HelloWorld,Terminal,C:/Users/박기훈/IdeaProjects/HelloWorld/src/HelloWorld.java,,5,0,Default task
2021-09-01T18:05:30.534+09:00,박기훈,KeyEvent,111:79:0,HelloWorld,Terminal,C:/Users/박기훈/IdeaProjects/HelloWorld/src/HelloWorld.java,,5,0,Default task
2021-09-01T18:05:30.667+09:00,박기훈,KeyEvent,114:82:0,HelloWorld,Terminal,C:/Users/박기훈/IdeaProjects/HelloWorld/src/HelloWorld.java,,5,0,Default task
2021-09-01T18:05:31.399+09:00,박기훈,IdeState,Active,HelloWorld,Terminal,C:/Users/박기훈/IdeaProjects/HelloWorld/src/HelloWorld.java,,5,0,Default task
2021-09-01T18:05:31.478+09:00,박기훈,KeyEvent,108:76:0,HelloWorld,Terminal,C:/Users/박기훈/IdeaProjects/HelloWorld/src/HelloWorld.java,,5,0,Default task
2021-09-01T18:05:31.630+09:00,박기훈,KeyEvent,100:68:0,HelloWorld,Terminal,C:/Users/박기훈/IdeaProjects/HelloWorld/src/HelloWorld.java,,5,0,Default task
2021-09-01T18:05:32.214+09:00,박기훈,KeyEvent,46:46:0,HelloWorld,Terminal,C:/Users/박기훈/IdeaProjects/HelloWorld/src/HelloWorld.java,,5,0,Default task
2021-09-01T18:05:32.406+09:00,박기훈,IdeState,Active,HelloWorld,Terminal,C:/Users/박기훈/IdeaProjects/HelloWorld/src/HelloWorld.java,,5,0,Default task
2021-09-01T18:05:32.601+09:00,박기훈,KeyEvent,104:72:0,HelloWorld,Terminal,C:/Users/박기훈/IdeaProjects/HelloWorld/src/HelloWorld.java,,5,0,Default task
2021-09-01T18:05:32.731+09:00,박기훈,KeyEvent,97:65:0,HelloWorld,Terminal,C:/Users/박기훈/IdeaProjects/HelloWorld/src/HelloWorld.java,,5,0,Default task
2021-09-01T18:05:33.209+09:00,박기훈,KeyEvent,8:8:0,HelloWorld,Terminal,C:/Users/박기훈/IdeaProjects/HelloWorld/src/HelloWorld.java,,5,0,Default task
2021-09-01T18:05:33.382+09:00,박기훈,KeyEvent,8:8:0,HelloWorld,Terminal,C:/Users/박기훈/IdeaProjects/HelloWorld/src/HelloWorld.java,,5,0,Default task
2021-09-01T18:05:33.417+09:00,박기훈,IdeState,Active,HelloWorld,Terminal,C:/Users/박기훈/IdeaProjects/HelloWorld/src/HelloWorld.java,,5,0,Default task
2021-09-01T18:05:33.427+09:00,박기훈,KeyEvent,106:74:0,HelloWorld,Terminal,C:/Users/박기훈/IdeaProjects/HelloWorld/src/HelloWorld.java,,5,0,Default task
2021-09-01T18:05:33.524+09:00,박기훈,KeyEvent,97:65:0,HelloWorld,Terminal,C:/Users/박기훈/IdeaProjects/HelloWorld/src/HelloWorld.java,,5,0,Default task
2021-09-01T18:05:33.956+09:00,박기훈,KeyEvent,118:86:0,HelloWorld,Terminal,C:/Users/박기훈/IdeaProjects/HelloWorld/src/HelloWorld.java,,5,0,Default task
2021-09-01T18:05:33.962+09:00,박기훈,KeyEvent,97:65:0,HelloWorld,Terminal,C:/Users/박기훈/IdeaProjects/HelloWorld/src/HelloWorld.java,,5,0,Default task
2021-09-01T18:05:34.427+09:00,박기훈,IdeState,Active,HelloWorld,Terminal,C:/Users/박기훈/IdeaProjects/HelloWorld/src/HelloWorld.java,,5,0,Default task
2021-09-01T18:05:35.433+09:00,박기훈,IdeState,Active,HelloWorld,Terminal,C:/Users/박기훈/IdeaProjects/HelloWorld/src/HelloWorld.java,,5,0,Default task
2021-09-01T18:05:36.442+09:00,박기훈,IdeState,Active,HelloWorld,Terminal,C:/Users/박기훈/IdeaProjects/HelloWorld/src/HelloWorld.java,,5,0,Default task
2021-09-01T18:05:37.453+09:00,박기훈,IdeState,Active,HelloWorld,Terminal,C:/Users/박기훈/IdeaProjects/HelloWorld/src/HelloWorld.java,,5,0,Default task
2021-09-01T18:05:38.465+09:00,박기훈,IdeState,Active,HelloWorld,Terminal,C:/Users/박기훈/IdeaProjects/HelloWorld/src/HelloWorld.java,,5,0,Default task
2021-09-01T18:05:39.475+09:00,박기훈,IdeState,Active,HelloWorld,Terminal,C:/Users/박기훈/IdeaProjects/HelloWorld/src/HelloWorld.java,,5,0,Default task
2021-09-01T18:05:40.483+09:00,박기훈,IdeState,Active,HelloWorld,Terminal,C:/Users/박기훈/IdeaProjects/HelloWorld/src/HelloWorld.java,,5,0,Default task
2021-09-01T18:05:41.490+09:00,박기훈,IdeState,Active,HelloWorld,Terminal,C:/Users/박기훈/IdeaProjects/HelloWorld/src/HelloWorld.java,,5,0,Default task
2021-09-01T18:05:42.491+09:00,박기훈,IdeState,Active,HelloWorld,Terminal,C:/Users/박기훈/IdeaProjects/HelloWorld/src/HelloWorld.java,,5,0,Default task
2021-09-01T18:05:43.502+09:00,박기훈,IdeState,Active,HelloWorld,Terminal,C:/Users/박기훈/IdeaProjects/HelloWorld/src/HelloWorld.java,,5,0,Default task
2021-09-01T18:05:44.512+09:00,박기훈,IdeState,Active,HelloWorld,Terminal,C:/Users/박기훈/IdeaProjects/HelloWorld/src/HelloWorld.java,,5,0,Default task
2021-09-01T18:05:45.521+09:00,박기훈,IdeState,Active,HelloWorld,Terminal,C:/Users/박기훈/IdeaProjects/HelloWorld/src/HelloWorld.java,,5,0,Default task
2021-09-01T18:05:46.531+09:00,박기훈,IdeState,Active,HelloWorld,Terminal,C:/Users/박기훈/IdeaProjects/HelloWorld/src/HelloWorld.java,,5,0,Default task
2021-09-01T18:05:47.538+09:00,박기훈,IdeState,Active,HelloWorld,Terminal,C:/Users/박기훈/IdeaProjects/HelloWorld/src/HelloWorld.java,,5,0,Default task
2021-09-01T18:05:48.549+09:00,박기훈,IdeState,Active,HelloWorld,Terminal,C:/Users/박기훈/IdeaProjects/HelloWorld/src/HelloWorld.java,,5,0,Default task
2021-09-01T18:05:49.559+09:00,박기훈,IdeState,Active,HelloWorld,Terminal,C:/Users/박기훈/IdeaProjects/HelloWorld/src/HelloWorld.java,,5,0,Default task
2021-09-01T18:05:50.574+09:00,박기훈,IdeState,Active,HelloWorld,Terminal,C:/Users/박기훈/IdeaProjects/HelloWorld/src/HelloWorld.java,,5,0,Default task
2021-09-01T18:05:51.586+09:00,박기훈,IdeState,Active,HelloWorld,Terminal,C:/Users/박기훈/IdeaProjects/HelloWorld/src/HelloWorld.java,,5,0,Default task
2021-09-01T18:05:52.594+09:00,박기훈,IdeState,Active,HelloWorld,Terminal,C:/Users/박기훈/IdeaProjects/HelloWorld/src/HelloWorld.java,,5,0,Default task
2021-09-01T18:05:53.601+09:00,박기훈,IdeState,Active,HelloWorld,Terminal,C:/Users/박기훈/IdeaProjects/HelloWorld/src/HelloWorld.java,,5,0,Default task
2021-09-01T18:05:54.609+09:00,박기훈,IdeState,Active,HelloWorld,Terminal,C:/Users/박기훈/IdeaProjects/HelloWorld/src/HelloWorld.java,,5,0,Default task
2021-09-01T18:05:55.615+09:00,박기훈,IdeState,Active,HelloWorld,Terminal,C:/Users/박기훈/IdeaProjects/HelloWorld/src/HelloWorld.java,,5,0,Default task
2021-09-01T18:05:56.627+09:00,박기훈,IdeState,Active,HelloWorld,Terminal,C:/Users/박기훈/IdeaProjects/HelloWorld/src/HelloWorld.java,,5,0,Default task
2021-09-01T18:05:57.636+09:00,박기훈,IdeState,Active,HelloWorld,Terminal,C:/Users/박기훈/IdeaProjects/HelloWorld/src/HelloWorld.java,,5,0,Default task
2021-09-01T18:05:58.644+09:00,박기훈,IdeState,Active,HelloWorld,Terminal,C:/Users/박기훈/IdeaProjects/HelloWorld/src/HelloWorld.java,,5,0,Default task
2021-09-01T18:05:59.653+09:00,박기훈,IdeState,Active,HelloWorld,Terminal,C:/Users/박기훈/IdeaProjects/HelloWorld/src/HelloWorld.java,,5,0,Default task
2021-09-01T18:06:00.659+09:00,박기훈,IdeState,Active,HelloWorld,Terminal,C:/Users/박기훈/IdeaProjects/HelloWorld/src/HelloWorld.java,,5,0,Default task
2021-09-01T18:06:01.666+09:00,박기훈,IdeState,Active,HelloWorld,Terminal,C:/Users/박기훈/IdeaProjects/HelloWorld/src/HelloWorld.java,,5,0,Default task
2021-09-01T18:06:02.675+09:00,박기훈,IdeState,Active,HelloWorld,Terminal,C:/Users/박기훈/IdeaProjects/HelloWorld/src/HelloWorld.java,,5,0,Default task
2021-09-01T18:06:03.688+09:00,박기훈,IdeState,Active,HelloWorld,Terminal,C:/Users/박기훈/IdeaProjects/HelloWorld/src/HelloWorld.java,,5,0,Default task
2021-09-01T18:06:04.696+09:00,박기훈,IdeState,Active,HelloWorld,Terminal,C:/Users/박기훈/IdeaProjects/HelloWorld/src/HelloWorld.java,,5,0,Default task
2021-09-01T18:06:05.706+09:00,박기훈,IdeState,Active,HelloWorld,Terminal,C:/Users/박기훈/IdeaProjects/HelloWorld/src/HelloWorld.java,,5,0,Default task
2021-09-01T18:06:06.716+09:00,박기훈,IdeState,Active,HelloWorld,Terminal,C:/Users/박기훈/IdeaProjects/HelloWorld/src/HelloWorld.java,,5,0,Default task
2021-09-01T18:06:07.721+09:00,박기훈,IdeState,Active,HelloWorld,Terminal,C:/Users/박기훈/IdeaProjects/HelloWorld/src/HelloWorld.java,,5,0,Default task
2021-09-01T18:06:08.733+09:00,박기훈,IdeState,Active,HelloWorld,Terminal,C:/Users/박기훈/IdeaProjects/HelloWorld/src/HelloWorld.java,,5,0,Default task
2021-09-01T18:06:09.746+09:00,박기훈,IdeState,Active,HelloWorld,Terminal,C:/Users/박기훈/IdeaProjects/HelloWorld/src/HelloWorld.java,,5,0,Default task
2021-09-01T18:06:10.759+09:00,박기훈,IdeState,Active,HelloWorld,Terminal,C:/Users/박기훈/IdeaProjects/HelloWorld/src/HelloWorld.java,,5,0,Default task
2021-09-01T18:06:11.767+09:00,박기훈,IdeState,Active,HelloWorld,Terminal,C:/Users/박기훈/IdeaProjects/HelloWorld/src/HelloWorld.java,,5,0,Default task
2021-09-01T18:06:12.779+09:00,박기훈,IdeState,Active,HelloWorld,Terminal,C:/Users/박기훈/IdeaProjects/HelloWorld/src/HelloWorld.java,,5,0,Default task
2021-09-01T18:06:13.787+09:00,박기훈,IdeState,Active,HelloWorld,Terminal,C:/Users/박기훈/IdeaProjects/HelloWorld/src/HelloWorld.java,,5,0,Default task
2021-09-01T18:06:14.796+09:00,박기훈,IdeState,Active,HelloWorld,Terminal,C:/Users/박기훈/IdeaProjects/HelloWorld/src/HelloWorld.java,,5,0,Default task
2021-09-01T18:06:15.804+09:00,박기훈,IdeState,Active,HelloWorld,Terminal,C:/Users/박기훈/IdeaProjects/HelloWorld/src/HelloWorld.java,,5,0,Default task
2021-09-01T18:06:16.811+09:00,박기훈,IdeState,Active,HelloWorld,Terminal,C:/Users/박기훈/IdeaProjects/HelloWorld/src/HelloWorld.java,,5,0,Default task
2021-09-01T18:06:17.821+09:00,박기훈,IdeState,Active,HelloWorld,Terminal,C:/Users/박기훈/IdeaProjects/HelloWorld/src/HelloWorld.java,,5,0,Default task
2021-09-01T18:06:18.834+09:00,박기훈,IdeState,Active,HelloWorld,Terminal,C:/Users/박기훈/IdeaProjects/HelloWorld/src/HelloWorld.java,,5,0,Default task
2021-09-01T18:06:19.845+09:00,박기훈,IdeState,Active,HelloWorld,Terminal,C:/Users/박기훈/IdeaProjects/HelloWorld/src/HelloWorld.java,,5,0,Default task
2021-09-01T18:06:20.855+09:00,박기훈,IdeState,Active,HelloWorld,Terminal,C:/Users/박기훈/IdeaProjects/HelloWorld/src/HelloWorld.java,,5,0,Default task
2021-09-01T18:06:21.861+09:00,박기훈,IdeState,Active,HelloWorld,Terminal,C:/Users/박기훈/IdeaProjects/HelloWorld/src/HelloWorld.java,,5,0,Default task
2021-09-01T18:06:22.870+09:00,박기훈,IdeState,Active,HelloWorld,Terminal,C:/Users/박기훈/IdeaProjects/HelloWorld/src/HelloWorld.java,,5,0,Default task
2021-09-01T18:06:23.883+09:00,박기훈,IdeState,Active,HelloWorld,Terminal,C:/Users/박기훈/IdeaProjects/HelloWorld/src/HelloWorld.java,,5,0,Default task
2021-09-01T18:06:24.894+09:00,박기훈,IdeState,Active,HelloWorld,Terminal,C:/Users/박기훈/IdeaProjects/HelloWorld/src/HelloWorld.java,,5,0,Default task
2021-09-01T18:06:25.905+09:00,박기훈,IdeState,Active,HelloWorld,Terminal,C:/Users/박기훈/IdeaProjects/HelloWorld/src/HelloWorld.java,,5,0,Default task
2021-09-01T18:06:26.915+09:00,박기훈,IdeState,Active,HelloWorld,Terminal,C:/Users/박기훈/IdeaProjects/HelloWorld/src/HelloWorld.java,,5,0,Default task
2021-09-01T18:06:27.927+09:00,박기훈,IdeState,Active,HelloWorld,Terminal,C:/Users/박기훈/IdeaProjects/HelloWorld/src/HelloWorld.java,,5,0,Default task
2021-09-01T18:06:28.936+09:00,박기훈,IdeState,Active,HelloWorld,Terminal,C:/Users/박기훈/IdeaProjects/HelloWorld/src/HelloWorld.java,,5,0,Default task
2021-09-01T18:06:29.947+09:00,박기훈,IdeState,Active,HelloWorld,Terminal,C:/Users/박기훈/IdeaProjects/HelloWorld/src/HelloWorld.java,,5,0,Default task
2021-09-01T18:06:30.958+09:00,박기훈,IdeState,Active,HelloWorld,Terminal,C:/Users/박기훈/IdeaProjects/HelloWorld/src/HelloWorld.java,,5,0,Default task
2021-09-01T18:06:31.969+09:00,박기훈,IdeState,Active,HelloWorld,Terminal,C:/Users/박기훈/IdeaProjects/HelloWorld/src/HelloWorld.java,,5,0,Default task
2021-09-01T18:06:32.975+09:00,박기훈,IdeState,Active,HelloWorld,Terminal,C:/Users/박기훈/IdeaProjects/HelloWorld/src/HelloWorld.java,,5,0,Default task
2021-09-01T18:06:33.984+09:00,박기훈,IdeState,Active,HelloWorld,Terminal,C:/Users/박기훈/IdeaProjects/HelloWorld/src/HelloWorld.java,,5,0,Default task
2021-09-01T18:06:34.989+09:00,박기훈,IdeState,Active,HelloWorld,Terminal,C:/Users/박기훈/IdeaProjects/HelloWorld/src/HelloWorld.java,,5,0,Default task
2021-09-01T18:06:35.998+09:00,박기훈,IdeState,Active,HelloWorld,Terminal,C:/Users/박기훈/IdeaProjects/HelloWorld/src/HelloWorld.java,,5,0,Default task
2021-09-01T18:06:37.008+09:00,박기훈,IdeState,Active,HelloWorld,Terminal,C:/Users/박기훈/IdeaProjects/HelloWorld/src/HelloWorld.java,,5,0,Default task
2021-09-01T18:06:38.018+09:00,박기훈,IdeState,Active,HelloWorld,Terminal,C:/Users/박기훈/IdeaProjects/HelloWorld/src/HelloWorld.java,,5,0,Default task
2021-09-01T18:06:39.025+09:00,박기훈,IdeState,Active,HelloWorld,Terminal,C:/Users/박기훈/IdeaProjects/HelloWorld/src/HelloWorld.java,,5,0,Default task
2021-09-01T18:06:40.033+09:00,박기훈,IdeState,Active,HelloWorld,Terminal,C:/Users/박기훈/IdeaProjects/HelloWorld/src/HelloWorld.java,,5,0,Default task
2021-09-01T18:06:40.880+09:00,박기훈,KeyEvent,10:10:0,HelloWorld,Terminal,C:/Users/박기훈/IdeaProjects/HelloWorld/src/HelloWorld.java,,5,0,Default task
2021-09-01T18:06:41.042+09:00,박기훈,IdeState,Active,HelloWorld,Terminal,C:/Users/박기훈/IdeaProjects/HelloWorld/src/HelloWorld.java,,5,0,Default task
2021-09-01T18:06:42.049+09:00,박기훈,IdeState,Active,HelloWorld,Terminal,C:/Users/박기훈/IdeaProjects/HelloWorld/src/HelloWorld.java,,5,0,Default task
2021-09-01T18:06:43.058+09:00,박기훈,IdeState,Active,HelloWorld,Terminal,C:/Users/박기훈/IdeaProjects/HelloWorld/src/HelloWorld.java,,5,0,Default task
2021-09-01T18:06:44.066+09:00,박기훈,IdeState,Active,HelloWorld,Terminal,C:/Users/박기훈/IdeaProjects/HelloWorld/src/HelloWorld.java,,5,0,Default task
2021-09-01T18:06:45.070+09:00,박기훈,IdeState,Active,HelloWorld,Terminal,C:/Users/박기훈/IdeaProjects/HelloWorld/src/HelloWorld.java,,5,0,Default task
2021-09-01T18:06:46.077+09:00,박기훈,IdeState,Inactive,,,,,-1,-1,
2021-09-01T18:06:47.082+09:00,박기훈,IdeState,Inactive,,,,,-1,-1,
2021-09-01T18:06:48.089+09:00,박기훈,IdeState,Inactive,,,,,-1,-1,
2021-09-01T18:06:49.095+09:00,박기훈,IdeState,Inactive,,,,,-1,-1,
2021-09-01T18:06:50.102+09:00,박기훈,IdeState,Inactive,,,,,-1,-1,
2021-09-01T18:06:51.112+09:00,박기훈,IdeState,Inactive,,,,,-1,-1,
2021-09-01T18:06:52.123+09:00,박기훈,IdeState,Inactive,,,,,-1,-1,
2021-09-01T18:06:53.130+09:00,박기훈,IdeState,Inactive,,,,,-1,-1,
2021-09-01T18:06:54.142+09:00,박기훈,IdeState,Inactive,,,,,-1,-1,
2021-09-01T18:06:55.155+09:00,박기훈,IdeState,Inactive,,,,,-1,-1,
2021-09-01T18:06:56.168+09:00,박기훈,IdeState,Inactive,,,,,-1,-1,
2021-09-01T18:06:57.177+09:00,박기훈,IdeState,Inactive,,,,,-1,-1,
2021-09-01T18:06:58.187+09:00,박기훈,IdeState,Inactive,,,,,-1,-1,
2021-09-01T18:06:59.194+09:00,박기훈,IdeState,Inactive,,,,,-1,-1,
2021-09-01T18:07:00.201+09:00,박기훈,IdeState,Inactive,,,,,-1,-1,
2021-09-01T18:07:01.205+09:00,박기훈,IdeState,Inactive,,,,,-1,-1,
2021-09-01T18:07:02.212+09:00,박기훈,IdeState,Active,HelloWorld,Popup,C:/Users/박기훈/IdeaProjects/HelloWorld/src/HelloWorld.java,,5,0,Default task
2021-09-01T18:07:03.217+09:00,박기훈,IdeState,Active,HelloWorld,Popup,C:/Users/박기훈/IdeaProjects/HelloWorld/src/HelloWorld.java,,5,0,Default task
2021-09-01T18:07:04.230+09:00,박기훈,IdeState,Active,HelloWorld,Popup,C:/Users/박기훈/IdeaProjects/HelloWorld/src/HelloWorld.java,,5,0,Default task
2021-09-01T18:07:05.240+09:00,박기훈,IdeState,Active,HelloWorld,Popup,C:/Users/박기훈/IdeaProjects/HelloWorld/src/HelloWorld.java,,5,0,Default task
2021-09-01T18:07:05.354+09:00,박기훈,Action,Start/Stop Activity Tracking,,,,,-1,-1,
